,id,game_id,team_id,home_away,points,winner,line_scores
0,6262,332410006,253,away,22,True,"[10, 0, 3, 9]"
1,6261,332410006,6,home,21,False,"[0, 7, 7, 7]"
2,6272,332410023,16,away,0,False,"[0, 0, 0, 0]"
3,6271,332410023,23,home,24,True,"[3, 14, 7, 0]"
4,6263,332410041,41,home,18,False,"[7, 3, 0, 8]"
5,6264,332410041,119,away,33,True,"[7, 6, 6, 14]"
6,6244,332410062,30,away,30,True,"[3, 17, 0, 10]"
7,6243,332410062,62,home,13,False,"[0, 5, 0, 8]"
8,6251,332410084,84,home,73,True,"[21, 24, 21, 7]"
9,6252,332410084,282,away,35,False,"[7, 14, 7, 7]"
10,6253,332410135,135,home,51,True,"[3, 13, 14, 21]"
11,6254,332410135,2439,away,23,False,"[6, 7, 3, 7]"
12,6247,332410154,154,home,31,True,"[3, 14, 7, 7]"
13,6248,332410154,2506,away,7,False,"[7, 0, 0, 0]"
14,6249,332410189,189,home,34,True,"[3, 3, 7, 21]"
15,6250,332410189,202,away,7,False,"[0, 0, 0, 7]"
16,6269,332410238,238,home,35,False,"[0, 21, 7, 7]"
17,6270,332410238,145,away,39,True,"[10, 0, 15, 14]"
18,6267,332410254,254,home,30,True,"[14, 0, 10, 6]"
19,6268,332410254,328,away,26,False,"[3, 14, 6, 3]"
20,6273,332410278,278,home,52,True,"[7, 14, 7, 17, 7]"
21,6274,332410278,164,away,51,False,"[10, 10, 11, 14, 6]"
22,6256,332412050,2287,away,28,False,"[14, 7, 0, 7]"
23,6255,332412050,2050,home,51,True,"[9, 7, 21, 14]"
24,6258,332412116,2006,away,7,False,"[0, 0, 0, 7]"
25,6257,332412116,2116,home,38,True,"[14, 10, 14, 0]"
26,6246,332412309,2335,away,10,False,"[0, 3, 7, 0]"
27,6245,332412309,2309,home,17,True,"[7, 0, 0, 10]"
28,6260,332412393,2717,away,24,False,"[0, 18, 0, 6]"
29,6259,332412393,2393,home,45,True,"[21, 10, 7, 7]"
30,6241,332412579,2579,home,27,True,"[17, 3, 7, 0]"
31,6242,332412579,153,away,10,False,"[0, 7, 3, 0]"
32,6265,332412655,2655,home,34,True,"[13, 7, 7, 7]"
33,6266,332412655,2296,away,7,False,"[0, 0, 0, 7]"
34,6289,332420012,12,home,35,True,"[7, 7, 14, 7]"
35,6290,332420012,2464,away,0,False,"[0, 0, 0, 0]"
36,6279,332420127,127,home,26,True,"[7, 6, 6, 7]"
37,6280,332420127,2711,away,13,False,"[0, 7, 0, 6]"
38,6286,332420248,2582,away,13,False,"[0, 6, 7, 0]"
39,6285,332420248,248,home,62,True,"[10, 17, 14, 21]"
40,6276,332420349,2415,away,12,False,"[0, 6, 6, 0]"
41,6275,332420349,349,home,28,True,"[14, 7, 7, 0]"
42,6278,332422247,2535,away,31,True,"[7, 0, 7, 17]"
43,6277,332422247,2247,home,21,False,"[7, 7, 0, 7]"
44,6288,332422306,2449,away,24,True,"[7, 0, 10, 7]"
45,6287,332422306,2306,home,21,False,"[0, 7, 14, 0]"
46,6281,332422390,2390,home,34,True,"[3, 17, 14, 0]"
47,6282,332422390,2226,away,6,False,"[0, 3, 3, 0]"
48,6284,332422567,2641,away,41,True,"[3, 10, 7, 21]"
49,6283,332422567,2567,home,23,False,"[3, 6, 7, 7]"
50,6370,332430002,265,away,24,False,"[7, 14, 3, 0]"
51,6369,332430002,2,home,31,True,"[8, 17, 3, 3]"
52,6349,332430008,8,home,34,True,"[7, 13, 14, 0]"
53,6350,332430008,309,away,14,False,"[0, 7, 7, 0]"
54,6383,332430021,21,home,19,False,"[13, 3, 3, 0]"
55,6384,332430021,2197,away,40,True,"[7, 12, 7, 14]"
56,6322,332430025,77,away,44,True,"[7, 10, 10, 17]"
57,6321,332430025,25,home,30,False,"[7, 3, 14, 6]"
58,6320,332430026,2440,away,20,False,"[3, 10, 0, 7]"
59,6319,332430026,26,home,58,True,"[7, 10, 20, 21]"
60,6301,332430057,57,home,24,True,"[7, 10, 7, 0]"
61,6302,332430057,2649,away,6,False,"[0, 3, 3, 0]"
62,6374,332430058,2377,away,53,True,"[2, 31, 10, 10]"
63,6373,332430058,58,home,21,False,"[7, 0, 7, 7]"
64,6327,332430059,59,home,70,True,"[28, 14, 21, 7]"
65,6328,332430059,2210,away,0,False,"[0, 0, 0, 0]"
66,6381,332430066,66,home,20,False,"[7, 7, 6, 0]"
67,6382,332430066,2460,away,28,True,"[7, 14, 0, 7]"
68,6307,332430087,87,home,28,True,"[14, 7, 7, 0]"
69,6308,332430087,218,away,6,False,"[0, 6, 0, 0]"
70,6376,332430098,96,away,26,False,"[3, 14, 0, 9]"
71,6375,332430098,98,home,35,True,"[7, 14, 7, 7]"
72,6329,332430103,103,home,24,True,"[7, 0, 14, 3]"
73,6330,332430103,222,away,14,False,"[14, 0, 0, 0]"
74,6338,332430120,2229,away,10,False,"[3, 7, 0, 0]"
75,6337,332430120,120,home,43,True,"[13, 27, 0, 3]"
76,6313,332430130,130,home,59,True,"[14, 21, 21, 3]"
77,6314,332430130,2117,away,9,False,"[3, 3, 0, 3]"
78,6371,332430142,142,home,58,True,"[13, 17, 21, 7]"
79,6372,332430142,93,away,14,False,"[14, 0, 0, 0]"
80,6352,332430150,2428,away,0,False,"[0, 0, 0, 0]"
81,6351,332430150,150,home,45,True,"[14, 14, 14, 3]"
82,6368,332430151,295,away,38,False,"[3, 14, 14, 7]"
83,6367,332430151,151,home,52,True,"[7, 14, 14, 17]"
84,6339,332430152,152,home,40,True,"[14, 10, 3, 13]"
85,6340,332430152,2348,away,14,False,"[0, 7, 0, 7]"
86,6316,332430158,2751,away,34,False,"[7, 7, 7, 13]"
87,6315,332430158,158,home,37,True,"[10, 7, 14, 6]"
88,6379,332430167,167,home,13,False,"[6, 7, 0, 0]"
89,6380,332430167,2636,away,21,True,"[0, 7, 7, 7]"
90,6293,332430194,194,home,40,True,"[23, 7, 7, 3]"
91,6294,332430194,2084,away,20,False,"[0, 13, 7, 0]"
92,6306,332430197,344,away,3,False,"[3, 0, 0, 0]"
93,6305,332430197,197,home,21,True,"[0, 7, 7, 7]"
94,6312,332430201,2433,away,0,False,"[0, 0, 0, 0]"
95,6311,332430201,201,home,34,True,"[0, 13, 21, 0]"
96,6326,332430204,331,away,49,True,"[6, 23, 7, 13]"
97,6325,332430204,204,home,46,False,"[7, 10, 15, 14]"
98,6347,332430213,213,home,23,True,"[0, 6, 7, 10]"
99,6348,332430213,183,away,17,False,"[0, 3, 7, 7]"
100,6298,332430228,61,away,35,False,"[14, 7, 7, 7]"
101,6297,332430228,228,home,38,True,"[14, 7, 10, 7]"
102,6378,332430239,2747,away,3,False,"[0, 0, 3, 0]"
103,6377,332430239,239,home,69,True,"[28, 10, 28, 3]"
104,6299,332430245,245,home,52,True,"[7, 21, 10, 14]"
105,6300,332430245,242,away,31,False,"[14, 7, 0, 10]"
106,6365,332430249,249,home,40,True,"[14, 12, 7, 7]"
107,6366,332430249,70,away,6,False,"[6, 0, 0, 0]"
108,6310,332430251,166,away,7,False,"[0, 7, 0, 0]"
109,6309,332430251,251,home,56,True,"[0, 14, 21, 21]"
110,6346,332430258,252,away,16,False,"[0, 7, 0, 9]"
111,6345,332430258,258,home,19,True,"[0, 3, 9, 7]"
112,6291,332430259,259,home,10,False,"[7, 3, 0, 0]"
113,6292,332430259,333,away,35,True,"[14, 14, 7, 0]"
114,6317,332430264,264,home,38,True,"[7, 3, 14, 14]"
115,6318,332430264,68,away,6,False,"[0, 3, 3, 0]"
116,6323,332430275,275,home,45,True,"[10, 7, 21, 7]"
117,6324,332430275,113,away,0,False,"[0, 0, 0, 0]"
118,6357,332430276,276,home,52,True,"[0, 14, 21, 17]"
119,6358,332430276,193,away,14,False,"[7, 7, 0, 0]"
120,6332,332430277,2729,away,17,False,"[7, 10, 0, 0]"
121,6331,332430277,277,home,24,True,"[7, 0, 10, 7]"
122,6334,332430356,79,away,34,False,"[7, 0, 17, 10]"
123,6333,332430356,356,home,42,True,"[3, 22, 14, 3]"
124,6342,332432005,2142,away,13,False,"[7, 0, 0, 6]"
125,6341,332432005,2005,home,38,True,"[0, 21, 10, 7]"
126,6360,332432032,2029,away,11,False,"[0, 0, 11, 0]"
127,6359,332432032,2032,home,62,True,"[14, 34, 14, 0]"
128,6335,332432132,2132,home,42,True,"[0, 14, 14, 14]"
129,6336,332432132,2509,away,7,False,"[0, 7, 0, 0]"
130,6356,332432199,47,away,24,False,"[0, 10, 14, 0]"
131,6355,332432199,2199,home,34,True,"[0, 13, 7, 14]"
132,6344,332432294,2459,away,30,True,"[10, 7, 3, 10]"
133,6343,332432294,2294,home,27,False,"[7, 17, 0, 3]"
134,6295,332432483,2483,home,66,True,"[24, 14, 7, 21]"
135,6296,332432483,2447,away,3,False,"[0, 3, 0, 0]"
136,6364,332432572,326,away,22,True,"[7, 7, 0, 8]"
137,6363,332432572,2572,home,15,False,"[0, 3, 9, 3]"
138,6303,332432628,2628,home,27,False,"[3, 7, 7, 10]"
139,6304,332432628,99,away,37,True,"[6, 10, 14, 7]"
140,6353,332432633,2633,home,45,True,"[21, 21, 3, 0]"
141,6354,332432633,2046,away,0,False,"[0, 0, 0, 0]"
142,6362,332432653,5,away,31,False,"[14, 3, 14, 0, 0]"
143,6361,332432653,2653,home,34,True,"[7, 0, 10, 14, 3]"
144,6387,332440036,36,home,27,False,"[0, 10, 14, 3]"
145,6388,332440036,38,away,41,True,"[10, 10, 3, 18]"
146,6386,332440097,195,away,7,False,"[0, 0, 7, 0]"
147,6385,332440097,97,home,49,True,"[14, 14, 14, 7]"
148,6390,332450221,52,away,41,True,"[7, 21, 6, 7]"
149,6389,332450221,221,home,13,False,"[7, 3, 3, 0]"
150,6393,332480009,9,home,55,True,"[14, 28, 10, 3]"
151,6394,332480009,16,away,0,False,"[0, 0, 0, 0]"
152,6391,332480151,151,home,31,True,"[7, 14, 10, 0]"
153,6392,332480151,2226,away,13,False,"[3, 3, 0, 7]"
154,6395,332490103,103,home,24,True,"[10, 7, 7, 0]"
155,6396,332490103,154,away,10,False,"[7, 0, 0, 3]"
156,6397,332492229,2229,home,0,False,"[0, 0, 0, 0]"
157,6398,332492229,2116,away,38,True,"[7, 17, 14, 0]"
158,6521,332500002,2,home,38,True,"[14, 7, 7, 10]"
159,6522,332500002,2032,away,9,False,"[3, 0, 6, 0]"
160,6518,332500008,2535,away,21,False,"[7, 0, 14, 0]"
161,6517,332500008,8,home,31,True,"[14, 3, 0, 14]"
162,6405,332500024,24,home,34,True,"[7, 10, 10, 7]"
163,6406,332500024,23,away,13,False,"[3, 3, 7, 0]"
164,6488,332500025,2502,away,30,False,"[14, 9, 7, 0]"
165,6487,332500025,25,home,37,True,"[10, 17, 10, 0]"
166,6435,332500030,30,home,7,False,"[0, 7, 0, 0]"
167,6436,332500030,265,away,10,True,"[0, 7, 0, 3]"
168,6525,332500038,38,home,38,True,"[7, 7, 3, 21]"
169,6526,332500038,2110,away,24,False,"[0, 14, 3, 7]"
170,6407,332500061,61,home,41,True,"[10, 14, 10, 7]"
171,6408,332500061,2579,away,30,False,"[3, 21, 0, 6]"
172,6469,332500068,68,home,63,True,"[14, 35, 14, 0]"
173,6470,332500068,2630,away,14,False,"[7, 0, 0, 7]"
174,6426,332500077,183,away,27,False,"[0, 7, 6, 14]"
175,6425,332500077,77,home,48,True,"[10, 24, 0, 14]"
176,6490,332500084,2426,away,41,True,"[14, 10, 14, 3]"
177,6489,332500084,84,home,35,False,"[0, 14, 7, 14]"
178,6438,332500096,193,away,7,False,"[7, 0, 0, 0]"
179,6437,332500096,96,home,41,True,"[24, 7, 0, 10]"
180,6412,332500097,2198,away,7,False,"[0, 0, 0, 7]"
181,6411,332500097,97,home,44,True,"[14, 13, 10, 7]"
182,6414,332500099,5,away,17,False,"[0, 17, 0, 0]"
183,6413,332500099,99,home,56,True,"[21, 14, 21, 0]"
184,6467,332500113,113,home,14,False,"[7, 0, 0, 7]"
185,6468,332500113,311,away,24,True,"[3, 7, 14, 0]"
186,6484,332500120,295,away,10,False,"[3, 0, 0, 7]"
187,6483,332500120,120,home,47,True,"[17, 14, 14, 2]"
188,6439,332500127,127,home,21,True,"[0, 7, 7, 7]"
189,6440,332500127,58,away,6,False,"[0, 6, 0, 0]"
190,6420,332500130,87,away,30,False,"[7, 6, 7, 10]"
191,6419,332500130,130,home,41,True,"[10, 17, 7, 7]"
192,6478,332500142,2649,away,23,False,"[3, 6, 14, 0]"
193,6477,332500142,142,home,38,True,"[10, 7, 14, 7]"
194,6512,332500145,2546,away,13,False,"[0, 0, 13, 0]"
195,6511,332500145,145,home,31,True,"[17, 14, 0, 0]"
196,6491,332500152,152,home,23,True,"[3, 10, 7, 3]"
197,6492,332500152,257,away,21,False,"[7, 14, 0, 0]"
198,6457,332500153,153,home,40,True,"[13, 10, 3, 14]"
199,6458,332500153,2393,away,20,False,"[0, 0, 7, 13]"
200,6429,332500158,158,home,56,True,"[21, 14, 14, 7]"
201,6430,332500158,2572,away,13,False,"[3, 3, 7, 0]"
202,6445,332500164,164,home,38,True,"[21, 0, 14, 3]"
203,6446,332500164,2450,away,0,False,"[0, 0, 0, 0]"
204,6529,332500166,166,home,21,False,"[0, 7, 7, 7]"
205,6530,332500166,135,away,44,True,"[3, 24, 3, 14]"
206,6401,332500194,194,home,42,True,"[21, 14, 7, 0]"
207,6402,332500194,21,away,7,False,"[0, 0, 7, 0]"
208,6514,332500195,249,away,21,False,"[7, 0, 7, 7]"
209,6513,332500195,195,home,27,True,"[7, 14, 0, 6]"
210,6424,332500201,277,away,7,False,"[7, 0, 0, 0]"
211,6423,332500201,201,home,16,True,"[3, 10, 0, 3]"
212,6516,332500202,36,away,27,False,"[7, 13, 7, 0]"
213,6515,332500202,202,home,30,True,"[14, 0, 3, 13]"
214,6527,332500204,204,home,33,True,"[7, 7, 14, 5]"
215,6528,332500204,62,away,14,False,"[0, 14, 0, 0]"
216,6441,332500213,213,home,45,True,"[7, 10, 7, 21]"
217,6442,332500213,2199,away,7,False,"[7, 0, 0, 0]"
218,6444,332500218,248,away,22,True,"[3, 6, 6, 7]"
219,6443,332500218,218,home,13,False,"[6, 7, 0, 0]"
220,6403,332500228,228,home,52,True,"[17, 21, 7, 7]"
221,6404,332500228,2569,away,13,False,"[0, 7, 0, 6]"
222,6485,332500235,235,home,14,False,"[0, 7, 0, 7]"
223,6486,332500235,150,away,28,True,"[7, 0, 7, 14]"
224,6524,332500238,2046,away,3,False,"[0, 0, 3, 0]"
225,6523,332500238,238,home,38,True,"[3, 35, 0, 0]"
226,6431,332500239,239,home,70,True,"[28, 28, 7, 7]"
227,6432,332500239,2084,away,13,False,"[13, 0, 0, 0]"
228,6409,332500245,245,home,65,True,"[14, 16, 35, 0]"
229,6410,332500245,2534,away,28,False,"[7, 7, 14, 0]"
230,6421,332500252,252,home,40,True,"[10, 17, 13, 0]"
231,6422,332500252,251,away,21,False,"[7, 7, 7, 0]"
232,6466,332500254,2692,away,7,False,"[0, 0, 7, 0]"
233,6465,332500254,254,home,70,True,"[14, 35, 14, 7]"
234,6399,332500258,258,home,10,False,"[7, 3, 0, 0]"
235,6400,332500258,2483,away,59,True,"[21, 7, 17, 14]"
236,6461,332500259,259,home,45,True,"[7, 14, 14, 10]"
237,6462,332500259,2717,away,3,False,"[0, 0, 3, 0]"
238,6427,332500275,275,home,48,True,"[14, 14, 6, 14]"
239,6428,332500275,2635,away,0,False,"[0, 0, 0, 0]"
240,6495,332500276,276,home,55,True,"[14, 20, 21, 0]"
241,6496,332500276,2241,away,0,False,"[0, 0, 0, 0]"
242,6538,332500278,13,away,25,False,"[0, 0, 10, 15]"
243,6537,332500278,278,home,41,True,"[10, 24, 7, 0]"
244,6509,332500326,326,home,28,True,"[14, 7, 7, 0]"
245,6510,332500326,2504,away,3,False,"[0, 0, 3, 0]"
246,6474,332500344,2016,away,7,False,"[0, 0, 0, 7]"
247,6473,332500344,344,home,51,True,"[14, 23, 7, 7]"
248,6447,332500356,356,home,45,True,"[7, 14, 7, 17]"
249,6448,332500356,2132,away,17,False,"[0, 7, 10, 0]"
250,6476,332502005,328,away,52,True,"[14, 10, 21, 7]"
251,6475,332502005,2005,home,20,False,"[6, 7, 0, 7]"
252,6493,332502006,2006,home,35,True,"[0, 14, 14, 7]"
253,6494,332502006,256,away,33,False,"[13, 0, 11, 9]"
254,6459,332502050,2050,home,40,True,"[14, 13, 10, 3]"
255,6460,332502050,349,away,14,False,"[7, 0, 7, 0]"
256,6471,332502117,2117,home,24,True,"[0, 0, 7, 17]"
257,6472,332502117,160,away,21,False,"[6, 7, 0, 8]"
258,6463,332502247,2247,home,14,False,"[0, 0, 0, 14]"
259,6464,332502247,236,away,42,True,"[14, 7, 14, 7]"
260,6449,332502294,2294,home,28,True,"[7, 0, 14, 7]"
261,6450,332502294,2623,away,14,False,"[0, 0, 0, 14]"
262,6503,332502305,2305,home,31,True,"[0, 14, 7, 10]"
263,6504,332502305,233,away,14,False,"[7, 0, 0, 7]"
264,6497,332502306,2306,home,48,True,"[10, 10, 21, 7]"
265,6498,332502306,309,away,27,False,"[3, 0, 21, 3]"
266,6451,332502309,2309,home,22,False,"[8, 14, 0, 0]"
267,6452,332502309,189,away,41,True,"[7, 17, 10, 7]"
268,6502,332502348,2320,away,14,False,"[0, 7, 0, 7]"
269,6501,332502348,2348,home,27,True,"[7, 7, 3, 10]"
270,6415,332502390,2390,home,21,True,"[14, 0, 0, 7]"
271,6416,332502390,57,away,16,False,"[6, 0, 3, 7]"
272,6499,332502433,2433,home,48,True,"[21, 14, 7, 6]"
273,6500,332502433,2755,away,10,False,"[7, 0, 0, 3]"
274,6540,332502439,12,away,58,True,"[17, 28, 3, 10]"
275,6539,332502439,2439,home,13,False,"[0, 6, 0, 7]"
276,6536,332502440,302,away,7,False,"[0, 7, 0, 0]"
277,6535,332502440,2440,home,36,True,"[13, 7, 13, 3]"
278,6454,332502509,282,away,14,False,"[0, 0, 7, 7]"
279,6453,332502509,2509,home,20,True,"[7, 3, 7, 3]"
280,6533,332502567,2567,home,31,True,"[5, 14, 3, 9]"
281,6534,332502567,147,away,30,False,"[8, 14, 8, 0]"
282,6433,332502628,2628,home,38,True,"[7, 10, 14, 7]"
283,6434,332502628,2545,away,17,False,"[0, 14, 0, 3]"
284,6456,332502633,98,away,20,False,"[3, 14, 3, 0]"
285,6455,332502633,2633,home,52,True,"[24, 7, 14, 7]"
286,6417,332502636,2636,home,35,False,"[7, 0, 0, 28]"
287,6418,332502636,197,away,56,True,"[14, 21, 7, 14]"
288,6531,332502638,2638,home,35,False,"[0, 21, 7, 7, 0]"
289,6532,332502638,167,away,42,True,"[7, 14, 0, 14, 7]"
290,6506,332502641,2617,away,13,False,"[7, 0, 0, 6]"
291,6505,332502641,2641,home,61,True,"[28, 17, 16, 0]"
292,6508,332502653,2542,away,3,False,"[0, 3, 0, 0]"
293,6507,332502653,2653,home,66,True,"[17, 7, 28, 14]"
294,6480,332502655,6,away,41,True,"[21, 10, 7, 3]"
295,6479,332502655,2655,home,39,False,"[7, 12, 14, 6]"
296,6520,332502711,2447,away,27,True,"[14, 7, 0, 6]"
297,6519,332502711,2711,home,23,False,"[0, 9, 14, 0]"
298,6482,332502751,70,away,10,False,"[0, 0, 0, 10]"
299,6481,332502751,2751,home,42,True,"[0, 21, 21, 0]"
300,6544,332552032,2653,away,34,False,"[7, 14, 7, 6]"
301,6543,332552032,2032,home,41,True,"[20, 0, 14, 7]"
302,6545,332552348,2348,home,15,False,"[6, 3, 0, 6]"
303,6546,332552348,2655,away,24,True,"[7, 0, 10, 7]"
304,6542,332552641,2628,away,10,False,"[0, 0, 3, 7]"
305,6541,332552641,2641,home,20,True,"[10, 0, 0, 10]"
306,6547,332560068,68,home,42,True,"[7, 14, 7, 14]"
307,6548,332560068,2005,away,20,False,"[7, 10, 0, 3]"
308,6643,332570002,2,home,24,True,"[11, 3, 3, 7]"
309,6644,332570002,344,away,20,False,"[6, 7, 7, 0]"
310,6646,332570006,98,away,24,False,"[14, 7, 0, 3]"
311,6645,332570006,6,home,31,True,"[7, 3, 11, 10]"
312,6592,332570008,2572,away,3,False,"[0, 3, 0, 0]"
313,6591,332570008,8,home,24,True,"[7, 3, 7, 7]"
314,6578,332570009,275,away,30,False,"[0, 14, 7, 9]"
315,6577,332570009,9,home,32,True,"[3, 10, 6, 13]"
316,6662,332570012,2636,away,13,False,"[3, 3, 0, 7]"
317,6661,332570012,12,home,38,True,"[14, 10, 7, 7]"
318,6554,332570025,194,away,52,True,"[24, 7, 21, 0]"
319,6553,332570025,25,home,34,False,"[14, 6, 7, 7]"
320,6603,332570030,30,home,35,True,"[7, 7, 7, 14]"
321,6604,332570030,103,away,7,False,"[0, 0, 0, 7]"
322,6605,332570036,36,home,34,True,"[13, 14, 0, 7]"
323,6606,332570036,13,away,17,False,"[3, 7, 7, 0]"
324,6648,332570041,120,away,32,True,"[0, 13, 14, 5]"
325,6647,332570041,41,home,21,False,"[7, 3, 3, 8]"
326,6561,332570052,52,home,62,True,"[3, 14, 31, 14]"
327,6562,332570052,2440,away,7,False,"[0, 7, 0, 0]"
328,6641,332570058,58,home,10,False,"[10, 0, 0, 0]"
329,6642,332570058,2226,away,28,True,"[7, 7, 7, 7]"
330,6622,332570066,2294,away,27,True,"[0, 13, 7, 7]"
331,6621,332570066,66,home,21,False,"[0, 0, 7, 14]"
332,6619,332570070,70,home,35,False,"[14, 14, 0, 7]"
333,6620,332570070,2459,away,45,True,"[7, 14, 14, 10]"
334,6574,332570077,2711,away,17,False,"[3, 7, 7, 0]"
335,6573,332570077,77,home,38,True,"[0, 24, 7, 7]"
336,6584,332570084,189,away,10,False,"[7, 3, 0, 0]"
337,6583,332570084,84,home,42,True,"[7, 14, 7, 14]"
338,6558,332570096,97,away,27,True,"[3, 7, 10, 7]"
339,6557,332570096,96,home,13,False,"[3, 0, 0, 10]"
340,6559,332570099,99,home,45,True,"[21, 10, 0, 14]"
341,6560,332570099,2309,away,13,False,"[0, 10, 3, 0]"
342,6601,332570127,127,home,55,True,"[21, 14, 14, 6]"
343,6602,332570127,2754,away,17,False,"[3, 7, 7, 0]"
344,6564,332570130,2006,away,24,False,"[3, 0, 7, 14]"
345,6563,332570130,130,home,28,True,"[7, 0, 14, 7]"
346,6586,332570135,2710,away,12,False,"[6, 0, 6, 0]"
347,6585,332570135,135,home,29,True,"[0, 7, 8, 14]"
348,6607,332570150,150,home,14,False,"[7, 0, 0, 7]"
349,6608,332570150,59,away,38,True,"[10, 14, 7, 7]"
350,6587,332570151,151,home,10,False,"[7, 0, 3, 0]"
351,6588,332570151,259,away,15,True,"[7, 0, 6, 2]"
352,6595,332570154,154,home,19,False,"[7, 6, 0, 6]"
353,6596,332570154,2433,away,21,True,"[7, 7, 7, 0]"
354,6572,332570158,26,away,41,True,"[3, 7, 28, 3]"
355,6571,332570158,158,home,21,False,"[14, 7, 0, 0]"
356,6598,332570164,2199,away,10,False,"[3, 7, 0, 0]"
357,6597,332570164,164,home,28,True,"[14, 0, 7, 7]"
358,6654,332570166,2638,away,42,True,"[14, 7, 7, 14]"
359,6653,332570166,166,home,21,False,"[14, 0, 7, 0]"
360,6617,332570183,183,home,54,True,"[9, 28, 17, 0]"
361,6618,332570183,2681,away,0,False,"[0, 0, 0, 0]"
362,6651,332570195,195,home,34,True,"[7, 10, 7, 10]"
363,6652,332570195,276,away,31,False,"[7, 3, 7, 14]"
364,6565,332570197,197,home,59,True,"[21, 10, 21, 7]"
365,6566,332570197,2320,away,3,False,"[0, 3, 0, 0]"
366,6569,332570201,201,home,51,True,"[10, 17, 7, 17]"
367,6570,332570201,202,away,20,False,"[7, 0, 6, 7]"
368,6623,332570213,213,home,31,False,"[7, 3, 7, 14]"
369,6624,332570213,2116,away,34,True,"[7, 14, 10, 3]"
370,6600,332570218,2230,away,30,True,"[3, 10, 7, 10]"
371,6599,332570218,218,home,29,False,"[0, 7, 7, 15]"
372,6594,332570221,167,away,27,False,"[3, 3, 14, 7]"
373,6593,332570221,221,home,49,True,"[21, 14, 7, 7]"
374,6649,332570242,242,home,23,True,"[7, 6, 0, 10]"
375,6650,332570242,2305,away,14,False,"[0, 7, 7, 0]"
376,6550,332570245,333,away,49,True,"[7, 21, 14, 7]"
377,6549,332570245,245,home,42,False,"[14, 0, 7, 21]"
378,6616,332570249,2050,away,27,False,"[20, 7, 0, 0]"
379,6615,332570249,249,home,34,True,"[3, 13, 8, 10]"
380,6581,332570251,251,home,23,False,"[7, 16, 0, 0]"
381,6582,332570251,145,away,44,True,"[14, 3, 20, 7]"
382,6657,332570254,254,home,48,False,"[0, 10, 14, 21, 3]"
383,6658,332570254,204,away,51,True,"[10, 10, 14, 11, 6]"
384,6629,332570265,265,home,48,True,"[14, 14, 13, 7]"
385,6630,332570265,253,away,10,False,"[3, 7, 0, 0]"
386,6589,332570277,277,home,41,True,"[10, 7, 3, 21]"
387,6590,332570277,2247,away,7,False,"[0, 0, 7, 0]"
388,6625,332570295,295,home,76,True,"[28, 21, 17, 10]"
389,6626,332570295,47,away,19,False,"[3, 7, 3, 6]"
390,6637,332570309,309,home,70,True,"[28, 21, 14, 7]"
391,6638,332570309,2447,away,7,False,"[0, 7, 0, 0]"
392,6655,332570328,328,home,70,True,"[21, 28, 21, 0]"
393,6656,332570328,2692,away,6,False,"[0, 0, 0, 6]"
394,6556,332570349,24,away,34,True,"[7, 13, 7, 7]"
395,6555,332570349,349,home,20,False,"[6, 7, 0, 7]"
396,6575,332570356,356,home,24,False,"[0, 3, 14, 7]"
397,6576,332570356,264,away,34,True,"[0, 10, 21, 3]"
398,6610,332572084,2619,away,23,False,"[0, 0, 0, 10, 3, 7, 0, 0, 3]"
399,6609,332572084,2084,home,26,True,"[3, 0, 7, 0, 3, 7, 0, 0, 6]"
400,6636,332572132,2466,away,9,False,"[0, 9, 0, 0]"
401,6635,332572132,2132,home,66,True,"[14, 21, 10, 21]"
402,6628,332572229,2065,away,34,True,"[7, 7, 14, 6]"
403,6627,332572229,2229,home,13,False,"[0, 7, 0, 6]"
404,6631,332572306,2306,home,37,True,"[6, 21, 7, 3]"
405,6632,332572306,113,away,7,False,"[7, 0, 0, 0]"
406,6633,332572393,2393,home,17,True,"[7, 7, 0, 3]"
407,6634,332572393,235,away,15,False,"[0, 6, 3, 6]"
408,6612,332572426,48,away,7,False,"[0, 7, 0, 0]"
409,6611,332572426,2426,home,51,True,"[10, 13, 14, 14]"
410,6660,332572439,2117,away,21,False,"[7, 14, 0, 0]"
411,6659,332572439,2439,home,31,True,"[0, 7, 14, 10]"
412,6551,332572483,2483,home,59,True,"[10, 28, 21, 0]"
413,6552,332572483,2633,away,14,False,"[7, 0, 0, 7]"
414,6579,332572509,2509,home,24,False,"[7, 3, 7, 7]"
415,6580,332572509,87,away,31,True,"[0, 3, 7, 21]"
416,6567,332572579,2579,home,35,True,"[21, 7, 7, 0]"
417,6568,332572579,238,away,25,False,"[0, 10, 0, 15]"
418,6639,332572649,2649,home,33,True,"[13, 3, 7, 10]"
419,6640,332572649,331,away,21,False,"[14, 0, 0, 7]"
420,6614,332572751,2458,away,7,False,"[0, 0, 0, 7]"
421,6613,332572751,2751,home,35,True,"[0, 21, 0, 14]"
422,6663,332620152,152,home,14,False,"[0, 7, 0, 7]"
423,6664,332620152,228,away,26,True,"[3, 10, 7, 6]"
424,6665,332630278,278,home,41,True,"[10, 14, 10, 7]"
425,6666,332630278,68,away,40,False,"[10, 9, 7, 14]"
426,6734,332640005,2466,away,28,False,"[7, 7, 14, 0]"
427,6733,332640005,5,home,52,True,"[17, 14, 14, 7]"
428,6761,332640021,21,home,30,False,"[14, 10, 3, 3]"
429,6762,332640021,204,away,34,True,"[14, 0, 0, 20]"
430,6671,332640024,24,home,42,True,"[13, 16, 10, 3]"
431,6672,332640024,9,away,28,False,"[0, 0, 7, 21]"
432,6684,332640026,166,away,13,False,"[0, 0, 0, 13]"
433,6683,332640026,26,home,59,True,"[7, 24, 14, 14]"
434,6737,332640030,30,home,17,True,"[7, 7, 0, 3]"
435,6738,332640030,328,away,14,False,"[0, 7, 7, 0]"
436,6685,332640041,41,home,21,False,"[0, 14, 7, 0]"
437,6686,332640041,130,away,24,True,"[7, 0, 7, 10]"
438,6677,332640052,52,home,54,True,"[10, 23, 21, 0]"
439,6678,332640052,2065,away,6,False,"[0, 0, 6, 0]"
440,6694,332640057,2633,away,17,False,"[7, 0, 3, 7]"
441,6693,332640057,57,home,31,True,"[3, 14, 7, 7]"
442,6704,332640059,153,away,20,False,"[13, 7, 0, 0]"
443,6703,332640059,59,home,28,True,"[0, 14, 7, 7]"
444,6680,332640061,249,away,21,False,"[0, 14, 7, 0]"
445,6679,332640061,61,home,45,True,"[7, 14, 14, 10]"
446,6691,332640077,77,home,35,True,"[7, 7, 7, 14]"
447,6692,332640077,311,away,21,False,"[0, 0, 7, 14]"
448,6765,332640084,84,home,28,False,"[0, 14, 0, 14]"
449,6766,332640084,142,away,45,True,"[14, 14, 3, 14]"
450,6697,332640087,87,home,17,True,"[3, 7, 0, 7]"
451,6698,332640087,127,away,13,False,"[0, 7, 3, 3]"
452,6675,332640097,97,home,72,True,"[10, 28, 20, 14]"
453,6676,332640097,2229,away,0,False,"[0, 0, 0, 0]"
454,6759,332640098,98,home,58,True,"[21, 21, 7, 9]"
455,6760,332640098,2415,away,17,False,"[7, 0, 10, 0]"
456,6673,332640099,99,home,35,True,"[14, 7, 7, 7]"
457,6674,332640099,2,away,21,False,"[0, 0, 14, 7]"
458,6708,332640113,238,away,24,True,"[7, 3, 0, 14]"
459,6707,332640113,113,home,7,False,"[0, 7, 0, 0]"
460,6747,332640120,120,home,37,True,"[14, 16, 0, 7]"
461,6748,332640120,277,away,0,False,"[0, 0, 0, 0]"
462,6705,332640135,135,home,43,True,"[7, 13, 9, 14]"
463,6706,332640135,23,away,24,False,"[0, 17, 0, 7]"
464,6724,332640150,221,away,58,True,"[20, 17, 14, 7]"
465,6723,332640150,150,home,55,False,"[7, 21, 7, 20]"
466,6741,332640158,158,home,59,True,"[14, 24, 14, 7]"
467,6742,332640158,2571,away,20,False,"[17, 0, 0, 3]"
468,6743,332640164,164,home,28,True,"[0, 7, 7, 14]"
469,6744,332640164,8,away,24,False,"[10, 0, 14, 0]"
470,6721,332640183,183,home,52,True,"[21, 21, 7, 3]"
471,6722,332640183,2655,away,17,False,"[10, 7, 0, 0]"
472,6745,332640189,189,home,48,True,"[6, 21, 14, 7]"
473,6746,332640189,93,away,7,False,"[0, 0, 7, 0]"
474,6750,332640193,2132,away,14,True,"[0, 0, 0, 14]"
475,6749,332640193,193,home,0,False,"[0, 0, 0, 0]"
476,6669,332640194,194,home,76,True,"[34, 21, 14, 7]"
477,6670,332640194,50,away,0,False,"[0, 0, 0, 0]"
478,6729,332640195,195,home,38,True,"[14, 7, 7, 10]"
479,6730,332640195,2046,away,0,False,"[0, 0, 0, 0]"
480,6740,332640213,2309,away,0,False,"[0, 0, 0, 0]"
481,6739,332640213,213,home,34,True,"[7, 7, 7, 13]"
482,6752,332640235,2032,away,7,False,"[7, 0, 0, 0]"
483,6751,332640235,235,home,31,True,"[14, 10, 7, 0]"
484,6695,332640239,239,home,70,True,"[35, 14, 21, 0]"
485,6696,332640239,2433,away,7,False,"[0, 7, 0, 0]"
486,6732,332640242,248,away,31,True,"[7, 10, 7, 7]"
487,6731,332640242,242,home,26,False,"[13, 0, 0, 13]"
488,6682,332640245,2567,away,13,False,"[3, 3, 0, 7]"
489,6681,332640245,245,home,42,True,"[14, 18, 10, 0]"
490,6767,332640251,251,home,31,True,"[10, 7, 7, 7]"
491,6768,332640251,2306,away,21,False,"[0, 7, 0, 14]"
492,6778,332640252,254,away,20,True,"[3, 10, 0, 7]"
493,6777,332640252,252,home,13,False,"[0, 0, 6, 7]"
494,6735,332640258,258,home,49,True,"[0, 21, 21, 7]"
495,6736,332640258,2678,away,0,False,"[0, 0, 0, 0]"
496,6710,332640259,276,away,21,False,"[7, 14, 0, 0, 0, 0, 0]"
497,6709,332640259,259,home,29,True,"[14, 0, 0, 7, 0, 0, 8]"
498,6689,332640264,264,home,56,True,"[21, 21, 7, 7]"
499,6690,332640264,304,away,0,False,"[0, 0, 0, 0]"
500,6780,332640265,70,away,0,False,"[0, 0, 0, 0]"
501,6779,332640265,265,home,42,True,"[7, 21, 7, 7]"
502,6700,332640275,2509,away,10,False,"[0, 10, 0, 0]"
503,6699,332640275,275,home,41,True,"[14, 10, 10, 7]"
504,6754,332640295,2643,away,58,False,"[7, 24, 7, 20]"
505,6753,332640295,295,home,59,True,"[14, 14, 23, 8]"
506,6668,332640333,36,away,6,False,"[0, 0, 6, 0]"
507,6667,332640333,333,home,31,True,"[7, 10, 0, 14]"
508,6763,332640344,344,home,62,True,"[10, 35, 7, 10]"
509,6764,332640344,2653,away,7,False,"[7, 0, 0, 0]"
510,6711,332640349,349,home,11,False,"[2, 3, 6, 0]"
511,6712,332640349,154,away,25,True,"[0, 10, 8, 7]"
512,6776,332642005,2751,away,56,True,"[14, 28, 7, 7]"
513,6775,332642005,2005,home,23,False,"[10, 7, 0, 6]"
514,6755,332642006,2006,home,30,False,"[0, 14, 3, 13]"
515,6756,332642006,309,away,35,True,"[7, 7, 7, 14]"
516,6714,332642117,2649,away,38,True,"[14, 7, 3, 14]"
517,6713,332642117,2117,home,17,False,"[7, 7, 3, 0]"
518,6726,332642199,2050,away,51,True,"[27, 7, 17, 0]"
519,6725,332642199,2199,home,20,False,"[6, 7, 7, 0]"
520,6716,332642226,2393,away,42,True,"[7, 7, 7, 14, 7]"
521,6715,332642226,2226,home,35,False,"[0, 7, 14, 14, 0]"
522,6727,332642247,2247,home,26,False,"[9, 0, 0, 17, 0]"
523,6728,332642247,55,away,32,True,"[7, 13, 3, 3, 6]"
524,6717,332642294,2294,home,59,True,"[10, 28, 14, 7]"
525,6718,332642294,2711,away,3,False,"[0, 3, 0, 0]"
526,6719,332642305,2305,home,13,True,"[0, 3, 0, 10]"
527,6720,332642305,2348,away,10,False,"[7, 0, 3, 0]"
528,6688,332642390,2542,away,7,False,"[0, 0, 7, 0]"
529,6687,332642390,2390,home,77,True,"[21, 28, 28, 0]"
530,6773,332642439,2439,home,38,True,"[10, 7, 14, 7]"
531,6774,332642439,2710,away,7,False,"[0, 0, 7, 0]"
532,6771,332642440,2440,home,31,True,"[7, 10, 7, 7]"
533,6772,332642440,62,away,9,False,"[3, 6, 0, 0]"
534,6758,332642459,2197,away,39,False,"[20, 0, 6, 13]"
535,6757,332642459,2459,home,43,True,"[6, 17, 10, 10]"
536,6769,332642638,2638,home,13,False,"[10, 0, 3, 0]"
537,6770,332642638,2636,away,32,True,"[7, 18, 0, 7]"
538,6702,332642641,326,away,7,False,"[0, 0, 7, 0]"
539,6701,332642641,2641,home,33,True,"[3, 10, 10, 10]"
540,6782,332690059,259,away,17,True,"[7, 7, 0, 3]"
541,6781,332690059,59,home,10,False,"[0, 3, 7, 0]"
542,6783,332690202,202,home,21,False,"[0, 14, 0, 7]"
543,6784,332690202,66,away,38,True,"[7, 7, 14, 10]"
544,6785,332700023,23,home,12,False,"[3, 3, 6, 0]"
545,6786,332700023,328,away,40,True,"[14, 9, 14, 3]"
546,6787,332700252,252,home,37,True,"[7, 16, 14, 0]"
547,6788,332700252,2393,away,10,False,"[10, 0, 0, 0]"
548,6804,332710008,245,away,45,True,"[17, 7, 14, 7]"
549,6803,332710008,8,home,33,False,"[7, 13, 13, 0]"
550,6878,332710009,30,away,41,False,"[7, 7, 7, 20]"
551,6877,332710009,9,home,62,True,"[7, 13, 28, 14]"
552,6848,332710036,2638,away,42,False,"[7, 0, 21, 14]"
553,6847,332710036,36,home,59,True,"[14, 14, 9, 22]"
554,6811,332710058,58,home,21,False,"[7, 0, 0, 14]"
555,6812,332710058,2390,away,49,True,"[21, 14, 14, 0]"
556,6800,332710061,99,away,41,False,"[14, 3, 10, 14]"
557,6799,332710061,61,home,44,True,"[14, 10, 10, 10]"
558,6818,332710062,278,away,42,True,"[14, 7, 21, 0]"
559,6817,332710062,62,home,37,False,"[0, 3, 14, 20]"
560,6876,332710068,2572,away,7,False,"[0, 7, 0, 0]"
561,6875,332710068,68,home,60,True,"[7, 23, 17, 13]"
562,6853,332710070,70,home,26,True,"[7, 10, 3, 6]"
563,6854,332710070,218,away,24,False,"[3, 0, 7, 14]"
564,6809,332710087,87,home,21,False,"[7, 0, 7, 7]"
565,6810,332710087,201,away,35,True,"[14, 7, 6, 8]"
566,6816,332710096,57,away,24,True,"[7, 14, 0, 3]"
567,6815,332710096,96,home,7,False,"[7, 0, 0, 0]"
568,6832,332710098,2426,away,7,False,"[7, 0, 0, 0]"
569,6831,332710098,98,home,19,True,"[0, 3, 7, 9]"
570,6802,332710103,52,away,48,True,"[3, 21, 14, 10]"
571,6801,332710103,103,home,34,False,"[14, 3, 10, 7]"
572,6846,332710135,2294,away,23,True,"[3, 14, 3, 3]"
573,6845,332710135,135,home,7,False,"[0, 0, 7, 0]"
574,6866,332710142,2032,away,19,False,"[6, 7, 3, 3]"
575,6865,332710142,142,home,41,True,"[7, 7, 6, 21]"
576,6838,332710150,2653,away,31,False,"[7, 14, 7, 3]"
577,6837,332710150,150,home,38,True,"[14, 14, 7, 3]"
578,6844,332710152,2117,away,14,False,"[0, 0, 0, 14]"
579,6843,332710152,152,home,48,True,"[7, 28, 3, 10]"
580,6828,332710153,151,away,55,True,"[14, 14, 14, 13]"
581,6827,332710153,153,home,31,False,"[0, 10, 14, 7]"
582,6869,332710166,166,home,16,False,"[10, 6, 0, 0]"
583,6870,332710166,21,away,26,True,"[0, 5, 6, 15]"
584,6871,332710167,167,home,42,False,"[21, 14, 7, 0]"
585,6872,332710167,2439,away,56,True,"[14, 21, 7, 14]"
586,6833,332710189,189,home,31,True,"[3, 7, 14, 7]"
587,6834,332710189,2006,away,14,False,"[14, 0, 0, 0]"
588,6795,332710194,194,home,31,True,"[14, 10, 7, 0]"
589,6796,332710194,275,away,24,False,"[7, 7, 0, 10]"
590,6835,332710204,204,home,44,True,"[10, 7, 21, 6]"
591,6836,332710204,38,away,17,False,"[3, 0, 0, 14]"
592,6829,332710221,221,home,14,True,"[14, 0, 0, 0]"
593,6830,332710221,258,away,3,False,"[0, 0, 3, 0]"
594,6793,332710228,228,home,56,True,"[21, 14, 14, 7]"
595,6794,332710228,154,away,7,False,"[7, 0, 0, 0]"
596,6868,332710238,5,away,24,False,"[3, 3, 3, 15]"
597,6867,332710238,238,home,52,True,"[7, 17, 7, 21]"
598,6861,332710242,242,home,18,True,"[3, 3, 0, 12]"
599,6862,332710242,2226,away,14,False,"[7, 0, 0, 7]"
600,6813,332710264,264,home,31,True,"[8, 3, 14, 6]"
601,6814,332710264,12,away,13,False,"[0, 6, 7, 0]"
602,6798,332710265,24,away,55,True,"[10, 7, 21, 17]"
603,6797,332710265,265,home,17,False,"[3, 0, 0, 14]"
604,6805,332710277,277,home,30,True,"[14, 10, 0, 6]"
605,6806,332710277,197,away,21,False,"[7, 7, 7, 0]"
606,6855,332710295,295,home,66,True,"[21, 21, 10, 14]"
607,6856,332710295,399,away,10,False,"[7, 0, 3, 0]"
608,6860,332710326,2751,away,21,False,"[0, 14, 0, 7]"
609,6859,332710326,326,home,42,True,"[7, 7, 14, 14]"
610,6790,332710333,145,away,0,False,"[0, 0, 0, 0]"
611,6789,332710333,333,home,25,True,"[3, 6, 7, 9]"
612,6823,332710356,356,home,50,True,"[7, 29, 7, 7]"
613,6824,332710356,193,away,14,False,"[0, 0, 7, 7]"
614,6839,332712050,2050,home,31,True,"[10, 7, 0, 14]"
615,6840,332712050,2649,away,24,False,"[10, 0, 0, 14]"
616,6842,332712084,41,away,12,False,"[3, 9, 0, 0]"
617,6841,332712084,2084,home,41,True,"[14, 14, 6, 7]"
618,6807,332712116,2116,home,25,False,"[7, 3, 0, 15]"
619,6808,332712116,2579,away,28,True,"[0, 0, 14, 14]"
620,6850,332712348,349,away,35,True,"[14, 7, 7, 7]"
621,6849,332712348,2348,home,16,False,"[0, 9, 7, 0]"
622,6864,332712433,2655,away,31,True,"[3, 7, 21, 0]"
623,6863,332712433,2433,home,14,False,"[0, 0, 7, 7]"
624,6873,332712440,2440,home,45,True,"[7, 10, 7, 21]"
625,6874,332712440,2005,away,42,False,"[7, 14, 14, 7]"
626,6791,332712483,2483,home,55,True,"[27, 14, 14, 0]"
627,6792,332712483,25,away,16,False,"[0, 3, 7, 6]"
628,6819,332712509,2509,home,24,False,"[7, 3, 7, 7]"
629,6820,332712509,2459,away,55,True,"[10, 17, 21, 7]"
630,6822,332712628,2567,away,17,False,"[7, 3, 0, 7]"
631,6821,332712628,2628,home,48,True,"[0, 7, 10, 31]"
632,6826,332712633,6,away,24,False,"[7, 0, 10, 7]"
633,6825,332712633,2633,home,31,True,"[10, 14, 7, 0]"
634,6852,332712636,248,away,59,True,"[7, 14, 10, 28]"
635,6851,332712636,2636,home,28,False,"[7, 14, 7, 0]"
636,6858,332712711,2309,away,32,True,"[7, 8, 7, 10]"
637,6857,332712711,2711,home,14,False,"[0, 7, 7, 0]"
638,6881,332760066,66,home,30,False,"[0, 13, 7, 10]"
639,6882,332760066,251,away,31,True,"[10, 7, 7, 7]"
640,6880,332760254,26,away,34,True,"[7, 14, 3, 10]"
641,6879,332760254,254,home,27,False,"[14, 3, 0, 10]"
642,6883,332762433,2433,home,10,False,"[7, 3, 0, 0]"
643,6884,332762433,98,away,31,True,"[14, 0, 10, 7]"
644,6887,332770021,21,home,51,True,"[7, 16, 21, 0, 7]"
645,6888,332770021,2440,away,44,False,"[7, 10, 6, 21, 0]"
646,6885,332770328,328,home,14,False,"[7, 0, 0, 7]"
647,6886,332770328,252,away,31,True,"[10, 7, 14, 0]"
648,6928,332780002,145,away,22,False,"[3, 3, 10, 6]"
649,6927,332780002,2,home,30,True,"[13, 7, 7, 3]"
650,6955,332780005,5,home,23,False,"[10, 3, 10, 0]"
651,6956,332780005,2226,away,37,True,"[3, 20, 6, 8]"
652,6897,332780024,24,home,31,True,"[7, 10, 14, 0]"
653,6898,332780024,264,away,28,False,"[0, 7, 14, 7]"
654,6972,332780025,265,away,44,True,"[14, 7, 14, 9]"
655,6971,332780025,25,home,22,False,"[0, 15, 7, 0]"
656,6892,332780038,2483,away,57,True,"[29, 14, 14, 0]"
657,6891,332780038,38,home,16,False,"[10, 6, 0, 0]"
658,6904,332780052,120,away,0,False,"[0, 0, 0, 0]"
659,6903,332780052,52,home,63,True,"[7, 14, 21, 21]"
660,6916,332780057,8,away,10,False,"[7, 0, 3, 0]"
661,6915,332780057,57,home,30,True,"[0, 17, 7, 6]"
662,6983,332780058,58,home,26,True,"[10, 13, 3, 0]"
663,6984,332780058,2132,away,20,False,"[0, 6, 0, 14]"
664,6989,332780062,62,home,27,False,"[14, 0, 7, 6]"
665,6990,332780062,23,away,37,True,"[10, 17, 7, 3]"
666,6926,332780070,278,away,61,True,"[28, 19, 7, 7]"
667,6925,332780070,70,home,14,False,"[0, 0, 0, 14]"
668,6895,332780077,77,home,30,False,"[7, 13, 3, 7]"
669,6896,332780077,194,away,40,True,"[10, 3, 7, 20]"
670,6938,332780084,213,away,24,False,"[0, 7, 10, 7]"
671,6937,332780084,84,home,44,True,"[7, 6, 8, 23]"
672,6924,332780087,9,away,34,False,"[0, 13, 0, 21]"
673,6923,332780087,87,home,37,True,"[0, 14, 10, 13]"
674,6946,332780103,349,away,27,False,"[10, 10, 7, 0]"
675,6945,332780103,103,home,48,True,"[14, 17, 7, 10]"
676,6917,332780130,130,home,42,True,"[7, 7, 14, 14]"
677,6918,332780130,135,away,13,False,"[7, 0, 3, 3]"
678,6968,332780154,152,away,13,False,"[0, 10, 3, 0]"
679,6967,332780154,154,home,28,True,"[7, 7, 7, 7]"
680,6939,332780158,158,home,39,True,"[14, 9, 13, 3]"
681,6940,332780158,356,away,19,False,"[0, 5, 7, 7]"
682,6981,332780167,167,home,66,True,"[21, 21, 10, 14]"
683,6982,332780167,166,away,17,False,"[0, 14, 3, 0]"
684,6893,332780183,183,home,14,False,"[0, 7, 7, 0]"
685,6894,332780183,228,away,49,True,"[21, 14, 7, 7]"
686,6970,332780189,113,away,7,False,"[0, 0, 0, 7]"
687,6969,332780189,189,home,28,True,"[0, 14, 14, 0]"
688,6948,332780193,2117,away,21,True,"[0, 7, 7, 7]"
689,6947,332780193,193,home,9,False,"[3, 0, 6, 0]"
690,6921,332780197,197,home,33,True,"[7, 10, 6, 10]"
691,6922,332780197,2306,away,29,False,"[7, 7, 7, 8]"
692,6908,332780201,2628,away,17,False,"[0, 0, 10, 7]"
693,6907,332780201,201,home,20,True,"[3, 10, 0, 7]"
694,6961,332780202,202,home,27,False,"[10, 0, 3, 11, 3]"
695,6962,332780202,242,away,30,True,"[14, 10, 0, 0, 6]"
696,6901,332780218,218,home,7,False,"[0, 0, 0, 7]"
697,6902,332780218,97,away,30,True,"[10, 14, 3, 3]"
698,6975,332780235,235,home,17,False,"[7, 0, 3, 7]"
699,6976,332780235,2116,away,24,True,"[3, 0, 7, 14]"
700,6987,332780238,238,home,28,False,"[0, 7, 14, 7]"
701,6988,332780238,142,away,51,True,"[20, 10, 14, 7]"
702,6914,332780239,277,away,42,False,"[7, 7, 7, 21]"
703,6913,332780239,239,home,73,True,"[28, 28, 10, 7]"
704,6942,332780258,2050,away,48,True,"[7, 10, 14, 17]"
705,6941,332780258,258,home,27,False,"[10, 7, 7, 3]"
706,6943,332780259,259,home,27,True,"[7, 14, 0, 6]"
707,6944,332780259,153,away,17,False,"[0, 7, 3, 7]"
708,6954,332780276,2636,away,10,False,"[0, 3, 0, 7]"
709,6953,332780276,276,home,34,True,"[17, 7, 0, 10]"
710,6977,332780295,295,home,21,True,"[7, 0, 0, 14]"
711,6978,332780295,2335,away,17,False,"[7, 3, 7, 0]"
712,6979,332780309,309,home,48,True,"[14, 14, 17, 3]"
713,6980,332780309,326,away,24,False,"[0, 3, 7, 14]"
714,6889,332780333,333,home,45,True,"[21, 17, 7, 0]"
715,6890,332780333,2247,away,3,False,"[0, 0, 3, 0]"
716,6905,332780344,344,home,26,False,"[9, 14, 3, 0]"
717,6906,332780344,99,away,59,True,"[14, 14, 3, 28]"
718,6951,332782006,2006,home,3,False,"[3, 0, 0, 0]"
719,6952,332782006,195,away,43,True,"[9, 21, 3, 10]"
720,6934,332782084,2199,away,14,False,"[0, 7, 0, 7]"
721,6933,332782084,2084,home,42,True,"[14, 14, 14, 0]"
722,6935,332782294,2294,home,14,False,"[0, 14, 0, 0]"
723,6936,332782294,127,away,26,True,"[0, 10, 10, 6]"
724,6919,332782305,2305,home,16,False,"[10, 0, 0, 6]"
725,6920,332782305,2641,away,54,True,"[0, 20, 17, 17]"
726,6963,332782309,2309,home,24,False,"[7, 10, 7, 0]"
727,6964,332782309,2459,away,38,True,"[7, 14, 7, 10]"
728,6912,332782390,59,away,30,False,"[17, 0, 0, 13]"
729,6911,332782390,2390,home,45,True,"[7, 10, 7, 21]"
730,6965,332782393,2393,home,17,False,"[10, 0, 7, 0]"
731,6966,332782393,151,away,24,True,"[7, 7, 3, 7]"
732,6929,332782426,2426,home,28,True,"[0, 7, 7, 14]"
733,6930,332782426,2005,away,10,False,"[3, 7, 0, 0]"
734,6931,332782567,2567,home,52,False,"[0, 7, 7, 21, 7, 7, 3]"
735,6932,332782567,164,away,55,True,"[14, 7, 14, 0, 7, 7, 6]"
736,6974,332782572,2229,away,24,True,"[0, 21, 0, 3]"
737,6973,332782572,2572,home,23,False,"[7, 9, 7, 0]"
738,6910,332782579,96,away,28,False,"[0, 7, 0, 21]"
739,6909,332782579,2579,home,35,True,"[14, 10, 3, 8]"
740,6900,332782633,61,away,34,True,"[10, 7, 0, 14, 3]"
741,6899,332782633,2633,home,31,False,"[0, 3, 14, 14, 0]"
742,6985,332782638,2638,home,35,False,"[7, 7, 14, 7]"
743,6986,332782638,2348,away,38,True,"[14, 10, 7, 7]"
744,6958,332782649,2711,away,20,False,"[0, 7, 0, 13]"
745,6957,332782649,2649,home,47,True,"[13, 10, 24, 0]"
746,6949,332782653,2653,home,34,True,"[7, 10, 7, 10]"
747,6950,332782653,6,away,33,False,"[7, 0, 6, 20]"
748,6960,332782655,249,away,21,False,"[0, 0, 7, 14]"
749,6959,332782655,2655,home,24,True,"[0, 7, 14, 3]"
750,6995,332830030,30,home,38,True,"[14, 14, 3, 7]"
751,6996,332830030,12,away,31,False,"[0, 10, 7, 14]"
752,6991,332830097,97,home,24,True,"[3, 14, 0, 7]"
753,6992,332830097,164,away,10,False,"[0, 7, 0, 3]"
754,6994,332832005,21,away,27,True,"[6, 0, 0, 21]"
755,6993,332832005,2005,home,20,False,"[0, 10, 10, 0]"
756,6997,332842132,2132,home,38,True,"[7, 21, 10, 0]"
757,6998,332842132,218,away,20,False,"[13, 7, 0, 0]"
758,7046,332850002,2717,away,3,False,"[3, 0, 0, 0]"
759,7045,332850002,2,home,62,True,"[21, 21, 14, 6]"
760,7017,332850008,8,home,7,False,"[7, 0, 0, 0]"
761,7018,332850008,2579,away,52,True,"[10, 14, 14, 14]"
762,7089,332850009,9,home,54,True,"[25, 22, 7, 0]"
763,7090,332850009,38,away,13,False,"[0, 6, 0, 7]"
764,7014,332850026,25,away,10,False,"[0, 10, 0, 0]"
765,7013,332850026,26,home,37,True,"[10, 14, 6, 7]"
766,7060,332850036,23,away,34,True,"[3, 14, 7, 10]"
767,7059,332850036,36,home,27,False,"[7, 17, 0, 3]"
768,7032,332850041,58,away,13,True,"[7, 3, 0, 3]"
769,7031,332850041,41,home,10,False,"[3, 7, 0, 0]"
770,7007,332850061,61,home,26,False,"[7, 3, 10, 6]"
771,7008,332850061,142,away,41,True,"[7, 21, 0, 13]"
772,6999,332850096,96,home,7,False,"[0, 0, 7, 0]"
773,7000,332850096,333,away,48,True,"[0, 24, 10, 14]"
774,7012,332850099,57,away,6,False,"[3, 0, 0, 3]"
775,7011,332850099,99,home,17,True,"[0, 14, 0, 3]"
776,7054,332850113,193,away,10,False,"[0, 7, 3, 0]"
777,7053,332850113,113,home,17,True,"[7, 0, 7, 3]"
778,7056,332850120,258,away,26,False,"[6, 10, 0, 10]"
779,7055,332850120,120,home,27,True,"[7, 7, 6, 7]"
780,7033,332850127,127,home,42,True,"[0, 21, 14, 7]"
781,7034,332850127,84,away,28,False,"[7, 7, 7, 7]"
782,7009,332850145,145,home,38,False,"[7, 3, 7, 21]"
783,7010,332850145,245,away,41,True,"[14, 0, 7, 20]"
784,7044,332850150,2426,away,7,False,"[0, 7, 0, 0]"
785,7043,332850150,150,home,35,True,"[0, 14, 14, 7]"
786,7058,332850152,183,away,24,True,"[0, 7, 3, 14]"
787,7057,332850152,152,home,10,False,"[0, 7, 0, 3]"
788,7048,332850195,2117,away,26,True,"[7, 3, 3, 13]"
789,7047,332850195,195,home,23,False,"[3, 0, 7, 13]"
790,7022,332850213,130,away,40,False,"[10, 0, 17, 7, 0, 3, 0, 3]"
791,7021,332850213,213,home,43,True,"[7, 14, 3, 10, 0, 3, 0, 6]"
792,7004,332850228,103,away,14,False,"[0, 7, 7, 0]"
793,7003,332850228,228,home,24,True,"[0, 3, 7, 14]"
794,7035,332850248,248,home,25,True,"[7, 3, 8, 7]"
795,7036,332850248,235,away,15,False,"[3, 6, 6, 0]"
796,7078,332850249,2393,away,7,False,"[0, 7, 0, 0]"
797,7077,332850249,249,home,34,True,"[7, 17, 0, 10]"
798,7015,332850251,251,home,36,True,"[10, 13, 13, 0]"
799,7016,332850251,201,away,20,False,"[3, 7, 3, 7]"
800,7076,332850252,59,away,20,False,"[7, 6, 0, 7]"
801,7075,332850252,252,home,38,True,"[14, 10, 0, 14]"
802,7006,332850254,24,away,21,False,"[14, 0, 0, 7]"
803,7005,332850254,254,home,27,True,"[14, 7, 3, 3]"
804,7029,332850259,259,home,19,True,"[10, 0, 6, 3]"
805,7030,332850259,221,away,9,False,"[0, 3, 0, 6]"
806,7002,332850264,2483,away,45,True,"[7, 14, 10, 14]"
807,7001,332850264,264,home,24,False,"[7, 0, 17, 0]"
808,7092,332850265,204,away,52,True,"[3, 14, 7, 28]"
809,7091,332850265,265,home,24,False,"[3, 7, 14, 0]"
810,7024,332850275,77,away,6,False,"[3, 3, 0, 0]"
811,7023,332850275,275,home,35,True,"[7, 14, 7, 7]"
812,7073,332850326,326,home,14,False,"[0, 0, 6, 8]"
813,7074,332850326,2433,away,21,True,"[7, 0, 7, 7]"
814,7087,332850328,328,home,23,False,"[0, 10, 0, 13]"
815,7088,332850328,68,away,34,True,"[10, 14, 10, 0]"
816,7079,332850344,344,home,21,True,"[14, 7, 0, 0]"
817,7080,332850344,189,away,20,False,"[3, 10, 7, 0]"
818,7038,332850349,2199,away,25,False,"[15, 3, 0, 7]"
819,7037,332850349,349,home,50,True,"[15, 7, 21, 7]"
820,7072,332852032,70,away,24,False,"[7, 0, 10, 7]"
821,7071,332852032,2032,home,48,True,"[14, 10, 7, 17]"
822,7051,332852050,2050,home,27,True,"[0, 7, 13, 7]"
823,7052,332852050,2309,away,24,False,"[7, 0, 7, 10]"
824,7069,332852226,2226,home,23,False,"[0, 3, 13, 7]"
825,7070,332852226,276,away,24,True,"[0, 7, 7, 10]"
826,7081,332852229,2229,home,24,False,"[7, 10, 0, 7]"
827,7082,332852229,5,away,27,True,"[7, 14, 3, 3]"
828,7062,332852247,2653,away,35,True,"[7, 7, 7, 14]"
829,7061,332852247,2247,home,28,False,"[7, 0, 14, 7]"
830,7019,332852306,2306,home,25,False,"[0, 10, 15, 0]"
831,7020,332852306,239,away,35,True,"[7, 14, 0, 14]"
832,7084,332852439,62,away,37,False,"[0, 17, 0, 20]"
833,7083,332852439,2439,home,39,True,"[0, 13, 17, 9]"
834,7027,332852459,2459,home,27,True,"[17, 0, 7, 3]"
835,7028,332852459,2006,away,20,False,"[14, 0, 0, 6]"
836,7040,332852509,158,away,44,True,"[14, 7, 9, 14]"
837,7039,332852509,2509,home,7,False,"[0, 0, 0, 7]"
838,7041,332852628,2628,home,27,True,"[7, 3, 14, 3]"
839,7042,332852628,2305,away,17,False,"[3, 7, 7, 0]"
840,7067,332852636,2636,home,21,False,"[0, 7, 0, 14]"
841,7068,332852636,242,away,27,True,"[3, 17, 7, 0]"
842,7085,332852638,2638,home,20,False,"[3, 3, 14, 0]"
843,7086,332852638,202,away,34,True,"[14, 7, 6, 7]"
844,7026,332852641,66,away,35,False,"[7, 14, 0, 14]"
845,7025,332852641,2641,home,42,True,"[14, 7, 7, 14]"
846,7065,332852655,2655,home,36,True,"[3, 3, 10, 3, 7, 7, 3]"
847,7066,332852655,151,away,33,False,"[3, 3, 0, 13, 7, 7, 0]"
848,7050,332852711,2084,away,33,True,"[6, 0, 17, 10]"
849,7049,332852711,2711,home,0,False,"[0, 0, 0, 0]"
850,7064,332852751,167,away,31,False,"[0, 3, 14, 14]"
851,7063,332852751,2751,home,38,True,"[14, 7, 3, 14]"
852,7093,332880098,98,home,20,False,"[10, 3, 0, 7]"
853,7094,332880098,309,away,37,True,"[0, 13, 10, 14]"
854,7095,332900153,153,home,23,False,"[7, 10, 3, 3]"
855,7096,332900153,2390,away,27,True,"[6, 7, 0, 14]"
856,7097,332910097,97,home,35,False,"[7, 7, 14, 7]"
857,7098,332910097,2116,away,38,True,"[0, 7, 21, 10]"
858,7161,332920006,6,home,38,True,"[7, 10, 7, 14]"
859,7162,332920006,2309,away,21,False,"[0, 7, 0, 14]"
860,7127,332920009,9,home,53,True,"[3, 26, 10, 14]"
861,7128,332920009,264,away,24,False,"[7, 0, 10, 7]"
862,7188,332920012,254,away,24,False,"[7, 0, 14, 3]"
863,7187,332920012,12,home,35,True,"[7, 13, 0, 15]"
864,7111,332920024,24,home,24,True,"[3, 0, 14, 7]"
865,7112,332920024,26,away,10,False,"[0, 0, 3, 7]"
866,7189,332920025,25,home,17,False,"[3, 0, 7, 7]"
867,7190,332920025,204,away,49,True,"[14, 14, 14, 7]"
868,7160,332920038,2127,away,10,False,"[0, 10, 0, 0]"
869,7159,332920038,38,home,43,True,"[8, 14, 7, 14]"
870,7148,332920059,183,away,0,False,"[0, 0, 0, 0]"
871,7147,332920059,59,home,56,True,"[14, 14, 21, 7]"
872,7184,332920068,2440,away,17,False,"[3, 14, 0, 0]"
873,7183,332920068,68,home,34,True,"[0, 7, 20, 7]"
874,7136,332920077,135,away,20,True,"[0, 7, 7, 6]"
875,7135,332920077,77,home,17,False,"[7, 0, 0, 10]"
876,7179,332920087,87,home,14,True,"[7, 7, 0, 0]"
877,7180,332920087,30,away,10,False,"[7, 3, 0, 0]"
878,7137,332920127,127,home,14,True,"[0, 7, 0, 7]"
879,7138,332920127,2509,away,0,False,"[0, 0, 0, 0]"
880,7165,332920130,130,home,63,True,"[14, 14, 14, 21]"
881,7166,332920130,84,away,47,False,"[7, 10, 23, 7]"
882,7117,332920142,142,home,36,True,"[10, 3, 10, 13]"
883,7118,332920142,57,away,17,False,"[3, 0, 14, 0]"
884,7108,332920145,99,away,24,False,"[0, 0, 14, 10]"
885,7107,332920145,145,home,27,True,"[3, 7, 14, 3]"
886,7140,332920151,2572,away,14,False,"[0, 0, 0, 14]"
887,7139,332920151,151,home,55,True,"[14, 17, 24, 0]"
888,7163,332920154,154,home,34,True,"[10, 14, 7, 3]"
889,7164,332920154,120,away,10,False,"[0, 3, 7, 0]"
890,7182,332920166,242,away,45,True,"[21, 7, 7, 10]"
891,7181,332920166,166,home,19,False,"[3, 9, 7, 0]"
892,7185,332920167,167,home,10,False,"[0, 3, 0, 7]"
893,7186,332920167,328,away,45,True,"[17, 14, 7, 7]"
894,7149,332920193,193,home,17,False,"[7, 0, 0, 10]"
895,7150,332920193,2006,away,24,True,"[7, 0, 14, 3]"
896,7106,332920194,2294,away,24,False,"[10, 7, 7, 0]"
897,7105,332920194,194,home,34,True,"[3, 7, 14, 10]"
898,7129,332920197,197,home,24,True,"[7, 10, 0, 7]"
899,7130,332920197,2628,away,10,False,"[0, 0, 3, 7]"
900,7152,332920218,349,away,14,False,"[0, 0, 7, 7]"
901,7151,332920218,218,home,33,True,"[14, 12, 7, 0]"
902,7177,332920221,221,home,35,True,"[0, 21, 7, 7]"
903,7178,332920221,295,away,24,False,"[10, 0, 14, 0]"
904,7103,332920228,228,home,14,False,"[7, 0, 0, 7]"
905,7104,332920228,52,away,51,True,"[17, 10, 14, 10]"
906,7141,332920235,235,home,29,False,"[3, 0, 7, 19]"
907,7142,332920235,2567,away,34,True,"[7, 24, 3, 0]"
908,7119,332920238,238,home,31,True,"[7, 7, 0, 17]"
909,7120,332920238,61,away,27,False,"[10, 14, 3, 0]"
910,7116,332920239,66,away,7,False,"[0, 0, 0, 7]"
911,7115,332920239,239,home,71,True,"[17, 20, 14, 20]"
912,7109,332920245,245,home,41,False,"[14, 10, 7, 10]"
913,7110,332920245,2,away,45,True,"[10, 7, 7, 21]"
914,7167,332920248,248,home,46,False,"[21, 17, 2, 6]"
915,7168,332920248,252,away,47,True,"[24, 10, 0, 13]"
916,7169,332920258,258,home,22,False,"[14, 8, 0, 0]"
917,7170,332920258,150,away,35,True,"[0, 7, 10, 18]"
918,7122,332920277,2641,away,37,True,"[10, 3, 10, 14]"
919,7121,332920277,277,home,27,False,"[0, 13, 14, 0]"
920,7124,332920278,2439,away,14,False,"[0, 14, 0, 0]"
921,7123,332920278,278,home,38,True,"[14, 14, 10, 0]"
922,7176,332920326,2247,away,17,False,"[7, 0, 0, 10]"
923,7175,332920326,326,home,24,True,"[7, 3, 0, 14]"
924,7100,332920333,8,away,0,False,"[0, 0, 0, 0]"
925,7099,332920333,333,home,52,True,"[14, 14, 17, 7]"
926,7133,332920356,356,home,32,False,"[0, 17, 0, 15]"
927,7134,332920356,275,away,56,True,"[21, 7, 14, 14]"
928,7172,332922084,113,away,3,False,"[0, 3, 0, 0]"
929,7171,332922084,2084,home,32,True,"[0, 13, 5, 14]"
930,7131,332922117,2117,home,17,False,"[14, 0, 0, 3]"
931,7132,332922117,2459,away,38,True,"[7, 7, 10, 14]"
932,7144,332922132,41,away,16,False,"[3, 0, 7, 6]"
933,7143,332922132,2132,home,41,True,"[7, 20, 7, 7]"
934,7154,332922199,195,away,56,True,"[21, 0, 21, 14]"
935,7153,332922199,2199,home,28,False,"[7, 7, 7, 7]"
936,7125,332922305,2305,home,19,False,"[7, 6, 0, 6]"
937,7126,332922305,201,away,34,True,"[0, 18, 7, 9]"
938,7174,332922348,249,away,28,True,"[0, 14, 14, 0]"
939,7173,332922348,2348,home,13,False,"[7, 3, 0, 3]"
940,7102,332922483,265,away,38,False,"[7, 17, 0, 14]"
941,7101,332922483,2483,home,62,True,"[20, 14, 14, 14]"
942,7114,332922633,2579,away,21,False,"[0, 7, 14, 0]"
943,7113,332922633,2633,home,23,True,"[3, 14, 0, 6]"
944,7146,332922649,2426,away,44,False,"[7, 7, 7, 10, 7, 6]"
945,7145,332922649,2649,home,45,True,"[3, 7, 14, 7, 7, 7]"
946,7156,332922711,2050,away,38,True,"[3, 14, 7, 14]"
947,7155,332922711,2711,home,17,False,"[3, 0, 0, 14]"
948,7157,332922751,2751,home,22,False,"[0, 7, 8, 7]"
949,7158,332922751,36,away,52,True,"[14, 10, 14, 14]"
950,7191,332952032,2032,home,7,False,"[0, 7, 0, 0]"
951,7192,332952032,309,away,23,True,"[10, 10, 3, 0]"
952,7193,332970344,344,home,28,True,"[14, 7, 7, 0]"
953,7194,332970344,96,away,22,False,"[7, 3, 9, 3]"
954,7195,332972393,2393,home,51,True,"[14, 7, 17, 13]"
955,7196,332972393,276,away,49,False,"[7, 14, 14, 14]"
956,7197,332980252,252,home,37,True,"[7, 17, 10, 3]"
957,7198,332980252,68,away,20,False,"[0, 3, 10, 7]"
958,7220,332990002,2226,away,10,False,"[0, 7, 3, 0]"
959,7219,332990002,2,home,45,True,"[21, 17, 7, 0]"
960,7228,332990021,278,away,35,True,"[7, 0, 7, 14, 7]"
961,7227,332990021,21,home,28,False,"[0, 7, 7, 14, 0]"
962,7290,332990023,2751,away,44,False,"[16, 7, 7, 14]"
963,7289,332990023,23,home,51,True,"[0, 14, 22, 15]"
964,7272,332990030,254,away,3,False,"[3, 0, 0, 0]"
965,7271,332990030,30,home,19,True,"[7, 9, 3, 0]"
966,7296,332990038,12,away,44,True,"[10, 14, 10, 10]"
967,7295,332990038,38,home,20,False,"[7, 6, 7, 0]"
968,7201,332990052,52,home,49,True,"[35, 7, 0, 7]"
969,7202,332990052,152,away,17,False,"[0, 0, 10, 7]"
970,7233,332990058,58,home,3,False,"[3, 0, 0, 0]"
971,7234,332990058,97,away,34,True,"[7, 10, 3, 14]"
972,7302,332990062,36,away,35,True,"[14, 21, 0, 0]"
973,7301,332990062,62,home,28,False,"[7, 10, 0, 11]"
974,7231,332990066,66,home,27,False,"[7, 13, 0, 7]"
975,7232,332990066,197,away,58,True,"[21, 7, 17, 13]"
976,7273,332990098,98,home,26,False,"[3, 17, 6, 0]"
977,7274,332990098,2653,away,32,True,"[10, 0, 14, 8]"
978,7221,332990099,99,home,48,True,"[13, 7, 14, 14]"
979,7222,332990099,231,away,16,False,"[10, 6, 0, 0]"
980,7255,332990113,113,home,30,False,"[7, 14, 3, 6]"
981,7256,332990113,2711,away,31,True,"[3, 14, 7, 7]"
982,7216,332990120,228,away,40,True,"[6, 10, 3, 21]"
983,7215,332990120,120,home,27,False,"[7, 0, 6, 14]"
984,7237,332990135,135,home,34,True,"[7, 10, 10, 7]"
985,7238,332990135,158,away,23,False,"[10, 3, 7, 3]"
986,7208,332990142,2579,away,27,True,"[0, 0, 0, 17, 7, 3]"
987,7207,332990142,142,home,24,False,"[7, 7, 3, 0, 7, 0]"
988,7292,332990145,70,away,14,False,"[0, 7, 7, 0]"
989,7291,332990145,145,home,59,True,"[17, 7, 21, 14]"
990,7264,332990153,103,away,10,False,"[7, 0, 0, 3]"
991,7263,332990153,153,home,34,True,"[6, 14, 7, 7]"
992,7239,332990164,164,home,14,False,"[7, 7, 0, 0]"
993,7240,332990164,248,away,49,True,"[7, 21, 14, 7]"
994,7298,332990166,2000,away,29,False,"[3, 19, 0, 7]"
995,7297,332990166,166,home,34,True,"[7, 14, 0, 13]"
996,7253,332990189,189,home,25,False,"[0, 7, 3, 15]"
997,7254,332990189,2649,away,28,True,"[7, 14, 0, 7]"
998,7205,332990194,194,home,63,True,"[14, 28, 14, 7]"
999,7206,332990194,213,away,14,False,"[0, 7, 0, 7]"
1000,7251,332990195,195,home,41,True,"[14, 10, 3, 14]"
1001,7252,332990195,193,away,16,False,"[3, 7, 0, 6]"
1002,7217,332990201,201,home,38,True,"[0, 14, 14, 10]"
1003,7218,332990201,2641,away,30,False,"[7, 0, 17, 6]"
1004,7210,332990204,24,away,20,True,"[0, 7, 6, 7]"
1005,7209,332990204,204,home,12,False,"[0, 3, 6, 3]"
1006,7265,332990242,242,home,45,True,"[3, 21, 7, 14]"
1007,7266,332990242,2638,away,7,False,"[0, 7, 0, 0]"
1008,7226,332990245,238,away,24,False,"[0, 17, 0, 7]"
1009,7225,332990245,245,home,56,True,"[21, 7, 21, 7]"
1010,7245,332990258,258,home,25,False,"[0, 10, 0, 15]"
1011,7246,332990258,59,away,35,True,"[7, 7, 7, 14]"
1012,7224,332990259,150,away,13,True,"[0, 6, 7, 0]"
1013,7223,332990259,259,home,10,False,"[0, 0, 7, 3]"
1014,7300,332990264,25,away,17,False,"[0, 7, 0, 10]"
1015,7299,332990264,264,home,41,True,"[17, 7, 14, 3]"
1016,7285,332990326,326,home,33,True,"[7, 7, 3, 16]"
1017,7286,332990326,6,away,31,False,"[0, 3, 7, 21]"
1018,7200,332990333,2633,away,10,False,"[0, 0, 3, 7]"
1019,7199,332990333,333,home,45,True,"[21, 14, 7, 3]"
1020,7267,332990356,356,home,3,False,"[3, 0, 0, 0]"
1021,7268,332990356,127,away,42,True,"[0, 14, 14, 14]"
1022,7275,332992005,2005,home,10,False,"[7, 3, 0, 0]"
1023,7276,332992005,87,away,45,True,"[7, 17, 14, 7]"
1024,7241,332992006,2006,home,24,False,"[3, 7, 7, 7]"
1025,7242,332992006,2050,away,42,True,"[14, 14, 7, 7]"
1026,7235,332992116,2116,home,62,True,"[21, 24, 10, 7]"
1027,7236,332992116,41,away,17,False,"[3, 7, 0, 7]"
1028,7279,332992229,2229,home,7,False,"[0, 0, 7, 0]"
1029,7280,332992229,2348,away,23,True,"[6, 3, 3, 11]"
1030,7243,332992294,2294,home,17,True,"[7, 3, 0, 0, 7]"
1031,7244,332992294,77,away,10,False,"[0, 0, 7, 3, 0]"
1032,7213,332992305,2305,home,14,False,"[0, 0, 7, 7]"
1033,7214,332992305,239,away,59,True,"[21, 17, 14, 7]"
1034,7269,332992306,2306,home,35,True,"[7, 0, 7, 21]"
1035,7270,332992306,277,away,12,False,"[0, 9, 3, 0]"
1036,7261,332992309,2309,home,21,False,"[0, 7, 7, 7]"
1037,7262,332992309,2084,away,41,True,"[6, 14, 14, 7]"
1038,7211,332992390,2390,home,24,True,"[0, 10, 0, 14]"
1039,7212,332992390,154,away,21,False,"[7, 7, 0, 7]"
1040,7247,332992426,2426,home,24,True,"[0, 7, 0, 17]"
1041,7248,332992426,221,away,21,False,"[3, 10, 0, 8]"
1042,7284,332992433,2247,away,10,False,"[0, 10, 0, 0]"
1043,7283,332992433,2433,home,38,True,"[14, 14, 10, 0]"
1044,7282,332992440,2439,away,27,True,"[0, 14, 0, 13]"
1045,7281,332992440,2440,home,22,False,"[3, 13, 0, 6]"
1046,7249,332992450,2450,home,24,False,"[3, 7, 7, 7]"
1047,7250,332992450,295,away,27,True,"[10, 7, 0, 10]"
1048,7230,332992459,2199,away,20,False,"[3, 0, 10, 7]"
1049,7229,332992459,2459,home,59,True,"[21, 17, 14, 7]"
1050,7203,332992483,2483,home,42,True,"[7, 7, 7, 21]"
1051,7204,332992483,26,away,14,False,"[7, 7, 0, 0]"
1052,7258,332992567,218,away,49,False,"[14, 14, 7, 14]"
1053,7257,332992567,2567,home,59,True,"[7, 7, 21, 24]"
1054,7288,332992572,249,away,55,True,"[13, 28, 7, 7]"
1055,7287,332992572,2572,home,14,False,"[0, 7, 7, 0]"
1056,7294,332992628,251,away,30,True,"[10, 10, 7, 3]"
1057,7293,332992628,2628,home,7,False,"[7, 0, 0, 0]"
1058,7278,332992636,5,away,31,False,"[0, 10, 7, 14]"
1059,7277,332992636,2636,home,52,True,"[24, 14, 7, 7]"
1060,7259,332992655,2655,home,14,True,"[0, 7, 7, 0]"
1061,7260,332992655,202,away,7,False,"[0, 7, 0, 0]"
1062,7303,333030235,235,home,21,False,"[7, 0, 7, 7]"
1063,7304,333030235,2132,away,34,True,"[0, 14, 7, 13]"
1064,7305,333040248,248,home,35,True,"[14, 7, 7, 7]"
1065,7306,333040248,58,away,23,False,"[3, 7, 6, 7]"
1066,7307,333040249,249,home,28,True,"[7, 14, 7, 0]"
1067,7308,333040249,242,away,16,False,"[2, 14, 0, 0]"
1068,7312,333040265,9,away,55,True,"[21, 21, 7, 6]"
1069,7311,333040265,265,home,21,False,"[0, 14, 7, 0]"
1070,7309,333042653,2653,home,37,False,"[0, 17, 6, 14]"
1071,7310,333042653,2433,away,49,True,"[14, 7, 21, 7]"
1072,7313,333050204,204,home,14,False,"[0, 14, 0, 0]"
1073,7314,333050204,30,away,31,True,"[14, 7, 10, 0]"
1074,7358,333060005,2393,away,24,True,"[0, 0, 7, 17]"
1075,7357,333060005,5,home,21,False,"[7, 0, 3, 11]"
1076,7400,333060006,2032,away,17,True,"[0, 0, 7, 10]"
1077,7399,333060006,6,home,16,False,"[0, 6, 7, 3]"
1078,7324,333060008,2,away,35,True,"[7, 7, 14, 7]"
1079,7323,333060008,8,home,17,False,"[0, 3, 7, 7]"
1080,7404,333060021,167,away,30,False,"[7, 0, 10, 13]"
1081,7403,333060021,21,home,35,True,"[14, 0, 7, 14]"
1082,7370,333060025,12,away,33,True,"[9, 10, 14, 0]"
1083,7369,333060025,25,home,28,False,"[7, 7, 7, 7]"
1084,7336,333060026,38,away,23,False,"[3, 10, 0, 10]"
1085,7335,333060026,26,home,45,True,"[7, 14, 14, 10]"
1086,7402,333060036,68,away,42,True,"[7, 21, 7, 7]"
1087,7401,333060036,36,home,30,False,"[10, 7, 0, 13]"
1088,7316,333060052,2390,away,14,False,"[7, 7, 0, 0]"
1089,7315,333060052,52,home,41,True,"[7, 14, 14, 6]"
1090,7371,333060057,57,home,20,False,"[0, 3, 9, 8]"
1091,7372,333060057,61,away,23,True,"[17, 6, 0, 0]"
1092,7394,333060059,221,away,10,False,"[0, 3, 7, 0]"
1093,7393,333060059,59,home,21,True,"[7, 7, 0, 7]"
1094,7385,333060070,70,home,21,False,"[7, 7, 0, 7]"
1095,7386,333060070,326,away,37,True,"[7, 16, 7, 7]"
1096,7375,333060084,84,home,39,False,"[10, 3, 7, 19]"
1097,7376,333060084,135,away,42,True,"[7, 21, 7, 7]"
1098,7342,333060087,2426,away,34,False,"[7, 13, 0, 14]"
1099,7341,333060087,87,home,38,True,"[10, 7, 7, 14]"
1100,7397,333060096,96,home,48,True,"[14, 17, 17, 0]"
1101,7398,333060096,2011,away,14,False,"[7, 0, 7, 0]"
1102,7343,333060103,103,home,34,True,"[7, 0, 10, 17]"
1103,7344,333060103,259,away,27,False,"[0, 10, 7, 10]"
1104,7333,333060113,113,home,19,False,"[6, 7, 6, 0]"
1105,7334,333060113,2459,away,63,True,"[21, 21, 7, 14]"
1106,7337,333060127,127,home,29,True,"[3, 10, 3, 13]"
1107,7338,333060127,130,away,6,False,"[3, 3, 0, 0]"
1108,7321,333060142,142,home,31,True,"[7, 17, 7, 0]"
1109,7322,333060142,2633,away,3,False,"[0, 3, 0, 0]"
1110,7355,333060152,152,home,19,False,"[10, 6, 3, 0]"
1111,7356,333060152,153,away,27,True,"[14, 7, 0, 6]"
1112,7374,333060158,77,away,24,False,"[14, 7, 0, 3]"
1113,7373,333060158,158,home,27,True,"[7, 7, 7, 6]"
1114,7346,333060164,218,away,20,False,"[6, 7, 0, 7]"
1115,7345,333060164,164,home,23,True,"[0, 3, 6, 14]"
1116,7353,333060183,183,home,13,True,"[0, 0, 13, 0]"
1117,7354,333060183,154,away,0,False,"[0, 0, 0, 0]"
1118,7377,333060202,202,home,15,False,"[0, 0, 8, 7]"
1119,7378,333060202,2636,away,34,True,"[14, 10, 0, 10]"
1120,7347,333060213,213,home,24,True,"[7, 7, 0, 3, 7]"
1121,7348,333060213,356,away,17,False,"[0, 3, 7, 7, 0]"
1122,7326,333060245,2638,away,7,False,"[7, 0, 0, 0]"
1123,7325,333060245,245,home,57,True,"[9, 27, 21, 0]"
1124,7379,333060251,251,home,35,True,"[0, 14, 14, 7]"
1125,7380,333060251,2305,away,13,False,"[0, 3, 3, 7]"
1126,7320,333060258,228,away,59,True,"[14, 21, 7, 17]"
1127,7319,333060258,258,home,10,False,"[7, 0, 3, 0]"
1128,7350,333060276,2572,away,13,False,"[0, 10, 3, 0]"
1129,7349,333060276,276,home,61,True,"[28, 7, 13, 13]"
1130,7331,333060278,278,home,41,True,"[14, 10, 0, 17]"
1131,7332,333060278,2440,away,23,False,"[7, 0, 9, 7]"
1132,7362,333060295,227,away,14,False,"[0, 7, 7, 0]"
1133,7361,333060295,295,home,66,True,"[10, 21, 21, 14]"
1134,7387,333060309,309,home,49,True,"[7, 7, 13, 22]"
1135,7388,333060309,166,away,35,False,"[21, 7, 0, 7]"
1136,7384,333060328,62,away,10,False,"[3, 0, 7, 0]"
1137,7383,333060328,328,home,47,True,"[10, 13, 17, 7]"
1138,7352,333062005,349,away,28,False,"[14, 7, 0, 7]"
1139,7351,333062005,2005,home,42,True,"[7, 14, 7, 14]"
1140,7364,333062006,2309,away,7,False,"[0, 7, 0, 0]"
1141,7363,333062006,2006,home,16,True,"[7, 3, 0, 6]"
1142,7389,333062226,2226,home,34,True,"[7, 0, 10, 17]"
1143,7390,333062226,2655,away,17,False,"[7, 10, 0, 0]"
1144,7392,333062229,151,away,34,True,"[14, 7, 0, 13]"
1145,7391,333062229,2229,home,13,False,"[3, 7, 3, 0]"
1146,7359,333062247,2247,home,28,False,"[7, 0, 14, 7]"
1147,7360,333062247,98,away,44,True,"[10, 14, 7, 13]"
1148,7340,333062294,275,away,28,True,"[0, 7, 7, 14]"
1149,7339,333062294,2294,home,9,False,"[3, 3, 3, 0]"
1150,7365,333062306,2306,home,41,True,"[10, 7, 3, 21]"
1151,7366,333062306,66,away,7,False,"[0, 0, 0, 7]"
1152,7382,333062439,23,away,34,True,"[14, 10, 0, 10]"
1153,7381,333062439,2439,home,24,False,"[0, 3, 14, 7]"
1154,7318,333062509,194,away,56,True,"[28, 14, 7, 7]"
1155,7317,333062509,2509,home,0,False,"[0, 0, 0, 0]"
1156,7328,333062579,344,away,16,False,"[7, 3, 0, 6]"
1157,7327,333062579,2579,home,34,True,"[14, 3, 17, 0]"
1158,7368,333062628,277,away,30,True,"[3, 7, 0, 17, 3]"
1159,7367,333062628,2628,home,27,False,"[10, 7, 0, 10, 0]"
1160,7330,333062641,197,away,52,True,"[21, 7, 21, 3]"
1161,7329,333062641,2641,home,34,False,"[3, 21, 7, 3]"
1162,7395,333062649,2649,home,55,True,"[21, 17, 10, 7]"
1163,7396,333062649,2199,away,16,False,"[0, 10, 0, 6]"
1164,7405,333090193,193,home,3,False,"[3, 0, 0, 0]"
1165,7406,333090193,189,away,45,True,"[7, 17, 21, 0]"
1166,7407,333092084,2084,home,30,True,"[0, 7, 16, 7]"
1167,7408,333092084,195,away,3,False,"[0, 3, 0, 0]"
1168,7409,333102050,2050,home,44,True,"[14, 17, 10, 3]"
1169,7410,333102050,2117,away,24,False,"[0, 3, 7, 14]"
1170,7411,333110024,24,home,26,True,"[7, 10, 6, 3]"
1171,7412,333110024,2483,away,20,False,"[0, 0, 0, 20]"
1172,7413,333110239,239,home,41,True,"[3, 21, 10, 7]"
1173,7414,333110239,201,away,12,False,"[0, 5, 7, 0]"
1174,7415,333110309,309,home,41,True,"[21, 14, 0, 6]"
1175,7416,333110309,2653,away,36,False,"[6, 20, 3, 7]"
1176,7417,333120041,41,home,10,False,"[0, 3, 0, 7]"
1177,7418,333120041,97,away,31,True,"[7, 14, 7, 3]"
1178,7419,333120167,167,home,45,True,"[14, 7, 14, 10]"
1179,7420,333120167,2005,away,37,False,"[0, 14, 14, 9]"
1180,7438,333130012,26,away,31,True,"[14, 7, 3, 7]"
1181,7437,333130012,12,home,26,False,"[3, 7, 3, 13]"
1182,7510,333130023,21,away,34,True,"[0, 12, 0, 22]"
1183,7509,333130023,23,home,30,False,"[10, 10, 3, 7]"
1184,7473,333130025,25,home,28,False,"[0, 14, 7, 7]"
1185,7474,333130025,30,away,62,True,"[21, 20, 14, 7]"
1186,7476,333130036,2440,away,17,False,"[0, 7, 10, 0]"
1187,7475,333130036,36,home,38,True,"[3, 3, 18, 14]"
1188,7449,333130057,57,home,17,False,"[0, 3, 7, 7]"
1189,7450,333130057,238,away,34,True,"[10, 7, 7, 10]"
1190,7468,333130061,2026,away,6,False,"[6, 0, 0, 0]"
1191,7467,333130061,61,home,45,True,"[7, 7, 17, 14]"
1192,7452,333130066,2628,away,21,True,"[7, 7, 0, 7]"
1193,7451,333130066,66,home,17,False,"[0, 7, 10, 0]"
1194,7497,333130070,70,home,38,False,"[21, 10, 7, 0]"
1195,7498,333130070,295,away,59,True,"[17, 14, 14, 14]"
1196,7483,333130084,84,home,52,True,"[14, 7, 14, 17]"
1197,7484,333130084,356,away,35,False,"[14, 0, 14, 7]"
1198,7426,333130096,142,away,48,True,"[7, 21, 7, 13]"
1199,7425,333130096,96,home,17,False,"[3, 0, 14, 0]"
1200,7478,333130120,183,away,20,True,"[7, 3, 3, 7]"
1201,7477,333130120,120,home,3,False,"[0, 0, 3, 0]"
1202,7479,333130130,130,home,13,False,"[0, 3, 7, 3]"
1203,7480,333130130,158,away,17,True,"[10, 0, 0, 7]"
1204,7454,333130135,213,away,10,False,"[7, 3, 0, 0]"
1205,7453,333130135,135,home,24,True,"[10, 14, 0, 0]"
1206,7464,333130145,8,away,24,False,"[3, 7, 7, 7]"
1207,7463,333130145,145,home,34,True,"[10, 10, 14, 0]"
1208,7491,333130150,150,home,38,True,"[7, 3, 7, 21]"
1209,7492,333130150,152,away,20,False,"[0, 0, 13, 7]"
1210,7489,333130151,151,home,58,True,"[7, 14, 14, 23]"
1211,7490,333130151,202,away,24,False,"[7, 3, 7, 7]"
1212,7465,333130153,153,home,45,True,"[14, 7, 14, 10]"
1213,7466,333130153,258,away,14,False,"[0, 0, 7, 7]"
1214,7424,333130154,52,away,59,True,"[21, 21, 10, 7]"
1215,7423,333130154,154,home,3,False,"[0, 0, 0, 3]"
1216,7486,333130166,103,away,48,True,"[13, 7, 7, 21]"
1217,7485,333130166,166,home,34,False,"[3, 14, 7, 10]"
1218,7432,333130197,2305,away,6,False,"[0, 0, 3, 3]"
1219,7431,333130197,197,home,42,True,"[14, 14, 0, 14]"
1220,7443,333130221,221,home,28,True,"[0, 7, 14, 7]"
1221,7444,333130221,87,away,21,False,"[7, 7, 7, 0]"
1222,7495,333130235,235,home,21,True,"[0, 7, 0, 14]"
1223,7496,333130235,2630,away,6,False,"[3, 3, 0, 0]"
1224,7434,333130245,344,away,41,False,"[7, 7, 6, 21]"
1225,7433,333130245,245,home,51,True,"[16, 7, 14, 14]"
1226,7481,333130249,249,home,41,True,"[14, 7, 7, 13]"
1227,7482,333130249,2638,away,7,False,"[0, 0, 7, 0]"
1228,7441,333130254,254,home,19,False,"[6, 3, 10, 0]"
1229,7442,333130254,9,away,20,True,"[7, 0, 0, 13]"
1230,7507,333130264,264,home,59,True,"[10, 21, 21, 7]"
1231,7508,333130264,38,away,7,False,"[7, 0, 0, 0]"
1232,7446,333130275,252,away,17,False,"[3, 0, 7, 7]"
1233,7445,333130275,275,home,27,True,"[7, 10, 3, 7]"
1234,7456,333130276,5,away,14,False,"[7, 7, 0, 0]"
1235,7455,333130276,276,home,56,True,"[21, 14, 14, 7]"
1236,7500,333130277,251,away,47,True,"[3, 10, 17, 10, 7]"
1237,7499,333130277,277,home,40,False,"[9, 10, 7, 14, 0]"
1238,7422,333130333,99,away,17,False,"[0, 14, 3, 0]"
1239,7421,333130333,333,home,38,True,"[3, 14, 7, 14]"
1240,7460,333130349,98,away,21,True,"[0, 0, 7, 14]"
1241,7459,333130349,349,home,17,False,"[0, 3, 7, 7]"
1242,7439,333132116,2116,home,19,True,"[0, 6, 7, 6]"
1243,7440,333132116,248,away,14,False,"[0, 0, 7, 7]"
1244,7458,333132132,2567,away,25,False,"[7, 3, 0, 15]"
1245,7457,333132132,2132,home,28,True,"[0, 14, 14, 0]"
1246,7469,333132199,2199,home,35,True,"[7, 7, 7, 8, 6]"
1247,7470,333132199,2711,away,32,False,"[10, 6, 10, 3, 3]"
1248,7501,333132348,2348,home,36,True,"[9, 7, 6, 14]"
1249,7502,333132348,2572,away,13,False,"[0, 6, 0, 7]"
1250,7429,333132390,2390,home,24,False,"[7, 7, 10, 0]"
1251,7430,333132390,259,away,42,True,"[14, 14, 7, 7]"
1252,7493,333132393,2393,home,48,True,"[14, 10, 24, 0]"
1253,7494,333132393,2229,away,0,False,"[0, 0, 0, 0]"
1254,7487,333132426,2426,home,42,True,"[7, 7, 14, 14]"
1255,7488,333132426,62,away,28,False,"[0, 14, 0, 14]"
1256,7504,333132433,2032,away,42,True,"[7, 7, 14, 14]"
1257,7503,333132433,2433,home,14,False,"[7, 7, 0, 0]"
1258,7506,333132439,328,away,28,True,"[0, 14, 7, 7]"
1259,7505,333132439,2439,home,24,False,"[7, 10, 0, 7]"
1260,7461,333132509,2509,home,14,False,"[0, 7, 0, 7]"
1261,7462,333132509,2294,away,38,True,"[0, 14, 7, 17]"
1262,7427,333132633,2633,home,23,False,"[6, 14, 3, 0]"
1263,7428,333132633,2,away,55,True,"[6, 28, 14, 7]"
1264,7471,333132636,2636,home,10,True,"[0, 0, 7, 3]"
1265,7472,333132636,2655,away,7,False,"[0, 7, 0, 0]"
1266,7447,333132641,2641,home,26,False,"[10, 0, 9, 7]"
1267,7448,333132641,2306,away,49,True,"[14, 21, 0, 14]"
1268,7435,333132751,2751,home,10,False,"[7, 3, 0, 0]"
1269,7436,333132751,278,away,48,True,"[0, 14, 14, 20]"
1270,7512,333160189,195,away,0,False,"[0, 0, 0, 0]"
1271,7511,333160189,189,home,49,True,"[21, 14, 7, 7]"
1272,7513,333162649,2649,home,51,True,"[21, 10, 7, 13]"
1273,7514,333162649,2084,away,41,False,"[0, 0, 14, 27]"
1274,7517,333172309,2309,home,24,True,"[7, 7, 7, 3]"
1275,7518,333172309,193,away,6,False,"[3, 3, 0, 0]"
1276,7515,333172459,2459,home,48,True,"[3, 17, 7, 21]"
1277,7516,333172459,2050,away,27,False,"[7, 17, 3, 0]"
1278,7521,333180202,202,home,34,False,"[0, 14, 17, 3]"
1279,7522,333180202,276,away,45,True,"[21, 10, 0, 14]"
1280,7520,333180228,59,away,31,False,"[0, 10, 14, 7]"
1281,7519,333180228,228,home,55,True,"[6, 21, 14, 14]"
1282,7523,333190026,26,home,41,True,"[20, 7, 7, 7]"
1283,7524,333190026,264,away,31,False,"[7, 10, 7, 7]"
1284,7538,333200002,61,away,38,False,"[0, 10, 7, 21]"
1285,7537,333200002,2,home,43,True,"[10, 17, 7, 9]"
1286,7550,333200009,204,away,17,False,"[0, 3, 7, 7]"
1287,7549,333200009,9,home,30,True,"[13, 7, 0, 10]"
1288,7583,333200012,12,home,17,False,"[7, 7, 3, 0]"
1289,7584,333200012,265,away,24,True,"[10, 0, 7, 7]"
1290,7531,333200030,30,home,20,True,"[14, 3, 0, 3]"
1291,7532,333200030,24,away,17,False,"[7, 3, 7, 0]"
1292,7598,333200038,25,away,24,False,"[0, 10, 0, 14]"
1293,7597,333200038,38,home,41,True,"[3, 21, 3, 14]"
1294,7528,333200052,183,away,3,False,"[0, 0, 0, 3]"
1295,7527,333200052,52,home,59,True,"[28, 10, 21, 0]"
1296,7599,333200058,58,home,10,False,"[0, 0, 3, 7]"
1297,7600,333200058,235,away,23,True,"[3, 3, 0, 17]"
1298,7612,333200062,21,away,28,True,"[0, 7, 7, 7, 7]"
1299,7611,333200062,62,home,21,False,"[7, 7, 0, 7, 0]"
1300,7609,333200068,68,home,48,True,"[14, 14, 17, 3]"
1301,7610,333200068,2751,away,7,False,"[7, 0, 0, 0]"
1302,7595,333200077,77,home,19,False,"[3, 3, 3, 0, 7, 3, 0]"
1303,7596,333200077,130,away,27,True,"[3, 0, 0, 6, 7, 3, 8]"
1304,7551,333200097,97,home,20,True,"[7, 3, 10, 0]"
1305,7552,333200097,248,away,13,False,"[0, 13, 0, 0]"
1306,7572,333200103,152,away,21,False,"[0, 7, 0, 14]"
1307,7571,333200103,103,home,38,True,"[10, 7, 3, 18]"
1308,7579,333200113,113,home,13,False,"[3, 3, 7, 0]"
1309,7580,333200113,2006,away,14,True,"[0, 7, 0, 7]"
1310,7557,333200145,145,home,51,True,"[20, 7, 17, 7]"
1311,7558,333200145,2653,away,21,False,"[7, 0, 0, 14]"
1312,7555,333200150,150,home,48,True,"[7, 14, 10, 17]"
1313,7556,333200150,2390,away,30,False,"[17, 3, 10, 0]"
1314,7582,333200151,5,away,14,False,"[0, 7, 0, 7]"
1315,7581,333200151,151,home,63,True,"[14, 21, 14, 14]"
1316,7543,333200158,158,home,28,False,"[7, 0, 14, 7]"
1317,7544,333200158,127,away,41,True,"[10, 10, 7, 14]"
1318,7559,333200164,164,home,17,False,"[7, 0, 0, 10]"
1319,7560,333200164,2132,away,52,True,"[24, 14, 7, 7]"
1320,7603,333200167,167,home,42,False,"[7, 14, 21, 0]"
1321,7604,333200167,36,away,66,True,"[14, 17, 14, 21]"
1322,7547,333200201,201,home,48,True,"[0, 10, 17, 21]"
1323,7548,333200201,66,away,10,False,"[0, 10, 0, 0]"
1324,7562,333200213,2509,away,21,False,"[0, 14, 7, 0]"
1325,7561,333200213,213,home,45,True,"[14, 14, 10, 7]"
1326,7545,333200218,218,home,36,False,"[0, 21, 7, 8]"
1327,7546,333200218,2116,away,39,True,"[5, 17, 0, 17]"
1328,7569,333200221,221,home,27,False,"[3, 0, 7, 17]"
1329,7570,333200221,153,away,34,True,"[7, 17, 3, 7]"
1330,7568,333200238,96,away,6,False,"[6, 0, 0, 0]"
1331,7567,333200238,238,home,22,True,"[9, 0, 0, 13]"
1332,7533,333200239,239,home,63,True,"[21, 14, 21, 7]"
1333,7534,333200239,2641,away,34,False,"[20, 7, 7, 0]"
1334,7602,333200242,2348,away,14,False,"[0, 0, 7, 7]"
1335,7601,333200242,242,home,52,True,"[14, 10, 7, 21]"
1336,7541,333200251,251,home,13,False,"[3, 7, 3, 0]"
1337,7542,333200251,197,away,38,True,"[7, 21, 10, 0]"
1338,7589,333200252,252,home,59,True,"[14, 35, 10, 0]"
1339,7590,333200252,304,away,13,False,"[3, 0, 7, 3]"
1340,7575,333200259,259,home,24,False,"[7, 0, 7, 7, 3]"
1341,7576,333200259,120,away,27,True,"[0, 14, 7, 0, 6]"
1342,7554,333200275,84,away,3,False,"[0, 0, 3, 0]"
1343,7553,333200275,275,home,51,True,"[20, 7, 10, 14]"
1344,7577,333200295,295,home,42,True,"[7, 14, 14, 7]"
1345,7578,333200295,2097,away,14,False,"[7, 0, 7, 0]"
1346,7526,333200344,333,away,20,True,"[3, 7, 7, 3]"
1347,7525,333200344,344,home,7,False,"[0, 0, 7, 0]"
1348,7529,333200356,356,home,35,False,"[0, 14, 7, 14]"
1349,7530,333200356,194,away,60,True,"[21, 14, 9, 16]"
1350,7605,333202032,2032,home,38,True,"[7, 14, 14, 3]"
1351,7606,333202032,326,away,21,False,"[14, 7, 0, 0]"
1352,7586,333202247,309,away,35,True,"[7, 14, 7, 7]"
1353,7585,333202247,2247,home,21,False,"[0, 14, 7, 0]"
1354,7564,333202305,277,away,19,False,"[7, 0, 0, 12]"
1355,7563,333202305,2305,home,31,True,"[3, 14, 7, 7]"
1356,7592,333202306,2628,away,31,False,"[0, 7, 21, 3]"
1357,7591,333202306,2306,home,33,True,"[14, 3, 10, 6]"
1358,7593,333202426,2426,home,42,True,"[3, 17, 7, 15]"
1359,7594,333202426,6,away,14,False,"[7, 7, 0, 0]"
1360,7614,333202440,23,away,16,False,"[10, 6, 0, 0]"
1361,7613,333202440,2440,home,38,True,"[7, 14, 14, 3]"
1362,7536,333202483,254,away,21,False,"[0, 7, 7, 7]"
1363,7535,333202483,2483,home,44,True,"[10, 7, 20, 7]"
1364,7588,333202567,41,away,21,False,"[0, 7, 7, 7]"
1365,7587,333202567,2567,home,38,True,"[7, 14, 7, 10]"
1366,7573,333202572,2572,home,7,False,"[0, 0, 0, 7]"
1367,7574,333202572,2226,away,41,True,"[7, 20, 14, 0]"
1368,7539,333202579,2579,home,19,True,"[3, 3, 7, 6]"
1369,7540,333202579,57,away,14,False,"[7, 7, 0, 0]"
1370,7608,333202638,2229,away,10,False,"[7, 0, 0, 3]"
1371,7607,333202638,2638,home,33,True,"[10, 7, 9, 7]"
1372,7565,333202711,2711,home,22,False,"[0, 6, 10, 6]"
1373,7566,333202711,2117,away,27,True,"[14, 0, 13, 0]"
1374,7615,333230193,193,home,7,False,"[0, 0, 0, 7]"
1375,7616,333230193,2084,away,44,True,"[0, 28, 3, 13]"
1376,7617,333230195,195,home,13,False,"[6, 7, 0, 0]"
1377,7618,333230195,2309,away,44,True,"[3, 14, 14, 13]"
1378,7619,333242649,2649,home,17,False,"[3, 7, 7, 0]"
1379,7620,333242649,2459,away,35,True,"[7, 0, 14, 14]"
1380,7623,333250005,5,home,34,False,"[0, 7, 14, 10, 3]"
1381,7624,333250005,242,away,37,True,"[10, 7, 7, 7, 6]"
1382,17159,333252005,2005,home,21,False,"[0, 14, 7, 0]"
1383,17160,333252005,2439,away,41,True,"[20, 13, 0, 8]"
1384,7621,333252116,2116,home,41,True,"[14, 14, 3, 10]"
1385,7622,333252116,164,away,17,False,"[0, 14, 0, 3]"
1386,7625,333260023,23,home,52,False,"[3, 13, 6, 16, 7, 7, 0]"
1387,7626,333260023,2426,away,58,True,"[0, 10, 14, 14, 7, 7, 6]"
1388,7720,333270006,2433,away,14,False,"[0, 7, 7, 0]"
1389,7719,333270006,6,home,36,True,"[6, 13, 7, 10]"
1390,7673,333270008,8,home,17,False,"[7, 3, 7, 0, 0]"
1391,7674,333270008,344,away,24,True,"[0, 10, 0, 7, 7]"
1392,7635,333270012,12,home,42,True,"[14, 14, 7, 7]"
1393,7636,333270012,2483,away,16,False,"[3, 6, 0, 7]"
1394,7728,333270021,68,away,31,False,"[7, 0, 14, 7, 3]"
1395,7727,333270021,21,home,34,True,"[7, 7, 0, 14, 6]"
1396,7642,333270024,25,away,13,False,"[10, 3, 0, 0]"
1397,7641,333270024,24,home,63,True,"[21, 21, 7, 14]"
1398,7649,333270026,26,home,33,False,"[10, 3, 14, 6]"
1399,7650,333270026,9,away,38,True,"[14, 21, 3, 0]"
1400,7659,333270038,38,home,29,False,"[0, 0, 7, 22]"
1401,7660,333270038,30,away,47,True,"[9, 14, 14, 10]"
1402,7630,333270052,70,away,14,False,"[0, 7, 0, 7]"
1403,7629,333270052,52,home,80,True,"[21, 21, 17, 21]"
1404,7686,333270057,290,away,26,True,"[0, 7, 13, 6]"
1405,7685,333270057,57,home,20,False,"[3, 7, 0, 10]"
1406,7716,333270058,2567,away,16,True,"[3, 0, 13, 0]"
1407,7715,333270058,58,home,6,False,"[0, 0, 0, 6]"
1408,7684,333270059,2010,away,7,False,"[0, 0, 0, 7]"
1409,7683,333270059,59,home,66,True,"[24, 28, 7, 7]"
1410,7718,333270061,96,away,17,False,"[7, 3, 0, 7]"
1411,7717,333270061,61,home,59,True,"[21, 14, 21, 3]"
1412,7726,333270066,2305,away,0,False,"[0, 0, 0, 0]"
1413,7725,333270066,66,home,34,True,"[7, 3, 17, 7]"
1414,7648,333270077,127,away,30,True,"[0, 14, 9, 7]"
1415,7647,333270077,77,home,6,False,"[3, 3, 0, 0]"
1416,7700,333270087,252,away,13,False,"[7, 0, 6, 0]"
1417,7699,333270087,87,home,23,True,"[14, 3, 3, 3]"
1418,7657,333270097,97,home,24,True,"[7, 10, 7, 0]"
1419,7658,333270097,235,away,17,False,"[0, 3, 0, 14]"
1420,7645,333270099,99,home,34,True,"[7, 14, 10, 3]"
1421,7646,333270099,245,away,10,False,"[0, 10, 0, 0]"
1422,7701,333270120,120,home,26,False,"[10, 0, 7, 9]"
1423,7702,333270120,103,away,29,True,"[3, 7, 3, 16]"
1424,7654,333270135,275,away,20,True,"[3, 10, 7, 0]"
1425,7653,333270135,135,home,7,False,"[0, 7, 0, 0]"
1426,7639,333270145,145,home,10,False,"[0, 3, 7, 0]"
1427,7640,333270145,142,away,24,True,"[7, 10, 7, 0]"
1428,7676,333270152,151,away,42,True,"[7, 14, 14, 7]"
1429,7675,333270152,152,home,28,False,"[7, 0, 0, 21]"
1430,7662,333270153,295,away,20,False,"[13, 0, 7, 0]"
1431,7661,333270153,153,home,80,True,"[14, 35, 31, 0]"
1432,7664,333270154,150,away,28,True,"[0, 14, 14, 0]"
1433,7663,333270154,154,home,21,False,"[7, 7, 7, 0]"
1434,7678,333270183,221,away,17,True,"[0, 10, 7, 0]"
1435,7677,333270183,183,home,16,False,"[6, 3, 7, 0]"
1436,7632,333270194,84,away,14,False,"[0, 0, 0, 14]"
1437,7631,333270194,194,home,42,True,"[14, 14, 7, 7]"
1438,7634,333270197,239,away,17,False,"[0, 3, 0, 14]"
1439,7633,333270197,197,home,49,True,"[7, 7, 21, 14]"
1440,7730,333270204,264,away,69,True,"[17, 10, 21, 21]"
1441,7729,333270204,204,home,27,False,"[0, 0, 0, 27]"
1442,7703,333270213,213,home,20,False,"[6, 0, 7, 7, 0]"
1443,7704,333270213,158,away,23,True,"[0, 7, 10, 3, 3]"
1444,7723,333270218,218,home,21,False,"[7, 14, 0, 0]"
1445,7724,333270218,41,away,28,True,"[0, 0, 14, 14]"
1446,7637,333270228,228,home,52,True,"[14, 28, 3, 7]"
1447,7638,333270228,2643,away,6,False,"[0, 0, 3, 3]"
1448,7666,333270248,2132,away,24,True,"[0, 17, 7, 0]"
1449,7665,333270248,248,home,17,False,"[0, 7, 10, 0]"
1450,7705,333270249,249,home,13,False,"[0, 3, 0, 10]"
1451,7706,333270249,2636,away,21,True,"[7, 0, 7, 7]"
1452,7707,333270265,265,home,49,True,"[21, 12, 10, 6]"
1453,7708,333270265,254,away,37,False,"[7, 13, 10, 7]"
1454,7651,333270278,278,home,69,True,"[14, 21, 28, 6]"
1455,7652,333270278,167,away,28,False,"[0, 0, 21, 7]"
1456,7722,333270326,98,away,38,True,"[0, 17, 0, 21]"
1457,7721,333270326,326,home,7,False,"[0, 7, 0, 0]"
1458,7694,333270328,36,away,0,False,"[0, 0, 0, 0]"
1459,7693,333270328,328,home,13,True,"[0, 3, 7, 3]"
1460,7628,333270333,236,away,0,False,"[0, 0, 0, 0]"
1461,7627,333270333,333,home,49,True,"[7, 21, 14, 7]"
1462,7690,333272032,2247,away,33,False,"[10, 7, 7, 9]"
1463,7689,333272032,2032,home,35,True,"[7, 0, 21, 7]"
1464,7679,333272117,2117,home,37,True,"[7, 20, 7, 3]"
1465,7680,333272117,113,away,0,False,"[0, 0, 0, 0]"
1466,7681,333272199,2199,home,7,False,"[7, 0, 0, 0]"
1467,7682,333272199,189,away,58,True,"[17, 17, 17, 7]"
1468,7692,333272226,166,away,10,False,"[0, 7, 3, 0]"
1469,7691,333272226,2226,home,55,True,"[14, 14, 14, 13]"
1470,7710,333272229,276,away,48,True,"[0, 20, 14, 14]"
1471,7709,333272229,2229,home,10,False,"[3, 0, 0, 7]"
1472,7668,333272294,130,away,21,False,"[7, 14, 0, 0]"
1473,7667,333272294,2294,home,24,True,"[7, 0, 7, 10]"
1474,7656,333272306,201,away,41,True,"[7, 17, 3, 14]"
1475,7655,333272306,2306,home,31,False,"[0, 21, 3, 7]"
1476,7711,333272348,2348,home,14,False,"[0, 7, 7, 0]"
1477,7712,333272348,202,away,24,True,"[7, 3, 7, 7]"
1478,7670,333272390,258,away,26,False,"[10, 3, 0, 13]"
1479,7669,333272390,2390,home,45,True,"[14, 7, 10, 14]"
1480,7671,333272509,2509,home,16,False,"[14, 0, 0, 2]"
1481,7672,333272509,356,away,20,True,"[7, 7, 0, 6]"
1482,7697,333272572,2572,home,21,False,"[7, 0, 7, 7]"
1483,7698,333272572,2393,away,42,True,"[7, 21, 0, 14]"
1484,7644,333272579,324,away,10,False,"[0, 7, 0, 3]"
1485,7643,333272579,2579,home,70,True,"[28, 14, 21, 7]"
1486,7714,333272633,238,away,14,True,"[7, 0, 0, 7]"
1487,7713,333272633,2633,home,10,False,"[0, 7, 3, 0]"
1488,7695,333272655,2655,home,45,True,"[14, 24, 7, 0]"
1489,7696,333272655,2638,away,3,False,"[0, 3, 0, 0]"
1490,7687,333272751,2751,home,59,True,"[13, 22, 7, 14, 3]"
1491,7688,333272751,62,away,56,False,"[14, 21, 7, 14, 0]"
1492,7731,333302459,2459,home,33,True,"[7, 13, 10, 3]"
1493,7732,333302459,2711,away,14,False,"[0, 7, 0, 7]"
1494,7734,333320251,2641,away,16,False,"[7, 3, 0, 6]"
1495,7733,333320251,251,home,41,True,"[10, 10, 7, 14]"
1496,7735,333320344,344,home,17,True,"[0, 7, 0, 3, 7]"
1497,7736,333320344,145,away,10,False,"[0, 7, 3, 0, 0]"
1498,7740,333330023,278,away,52,False,"[27, 14, 3, 8]"
1499,7739,333330023,23,home,62,True,"[21, 21, 10, 10]"
1500,7741,333330099,99,home,31,True,"[14, 0, 7, 10]"
1501,7742,333330099,8,away,27,False,"[7, 10, 10, 0]"
1502,7745,333330158,158,home,17,False,"[0, 3, 7, 7]"
1503,7746,333330158,2294,away,38,True,"[7, 7, 10, 14]"
1504,7761,333330195,195,home,51,True,"[14, 17, 10, 10]"
1505,7762,333330195,113,away,23,False,"[3, 7, 10, 3]"
1506,7765,333330221,221,home,31,False,"[7, 3, 7, 14]"
1507,7766,333330221,2390,away,41,True,"[17, 14, 0, 10]"
1508,7748,333330248,2567,away,0,False,"[0, 0, 0, 0]"
1509,7747,333330248,248,home,34,True,"[10, 14, 10, 0]"
1510,7767,333330264,264,home,27,True,"[3, 0, 17, 7]"
1511,7768,333330264,265,away,17,False,"[0, 10, 0, 7]"
1512,7749,333330276,276,home,59,True,"[17, 7, 21, 14]"
1513,7750,333330276,151,away,28,False,"[0, 10, 10, 8]"
1514,7752,333332006,2649,away,29,False,"[7, 3, 7, 12]"
1515,7751,333332006,2006,home,31,True,"[7, 10, 7, 7]"
1516,7754,333332050,193,away,14,False,"[0, 0, 14, 0]"
1517,7753,333332050,2050,home,55,True,"[7, 28, 10, 10]"
1518,7755,333332084,2084,home,7,False,"[0, 7, 0, 0]"
1519,7756,333332084,189,away,24,True,"[3, 0, 14, 7]"
1520,7744,333332116,58,away,20,False,"[3, 3, 7, 7]"
1521,7743,333332116,2116,home,23,True,"[3, 10, 3, 7]"
1522,7758,333332117,2199,away,10,False,"[0, 10, 0, 0]"
1523,7757,333332117,2117,home,42,True,"[14, 7, 14, 7]"
1524,7763,333332226,2226,home,21,True,"[14, 0, 7, 0]"
1525,7764,333332226,2229,away,6,False,"[3, 0, 0, 3]"
1526,7737,333332483,2483,home,36,True,"[14, 3, 7, 12]"
1527,7738,333332483,204,away,35,False,"[0, 17, 3, 15]"
1528,7760,333332653,326,away,28,False,"[7, 7, 0, 14]"
1529,7759,333332653,2653,home,42,True,"[7, 14, 7, 14]"
1530,7769,333340002,2,home,34,True,"[7, 7, 7, 13]"
1531,7770,333340002,333,away,28,False,"[0, 21, 0, 7]"
1532,7803,333340005,5,home,27,False,"[14, 7, 0, 6]"
1533,7804,333340005,2572,away,62,True,"[7, 6, 28, 21]"
1534,7786,333340009,12,away,21,False,"[0, 7, 14, 0]"
1535,7785,333340009,9,home,58,True,"[13, 17, 14, 14]"
1536,7779,333340024,24,home,27,True,"[7, 7, 10, 3]"
1537,7780,333340024,87,away,20,False,"[3, 3, 14, 0]"
1538,7789,333340030,30,home,14,False,"[0, 7, 7, 0]"
1539,7790,333340030,26,away,35,True,"[7, 7, 14, 7]"
1540,7805,333340036,36,home,58,True,"[13, 17, 21, 7]"
1541,7806,333340036,2005,away,13,False,"[0, 0, 0, 13]"
1542,7793,333340041,41,home,28,True,"[14, 0, 0, 14]"
1543,7794,333340041,164,away,17,False,"[7, 3, 7, 0]"
1544,7771,333340057,57,home,7,False,"[0, 0, 0, 7]"
1545,7772,333340057,52,away,37,True,"[3, 14, 10, 10]"
1546,7832,333340059,61,away,41,True,"[0, 7, 10, 10, 7, 7]"
1547,7831,333340059,59,home,34,False,"[17, 3, 0, 7, 7, 0]"
1548,7847,333340062,62,home,49,True,"[14, 14, 14, 7]"
1549,7848,333340062,349,away,42,False,"[0, 7, 21, 14]"
1550,7844,333340068,167,away,17,False,"[7, 0, 3, 7]"
1551,7843,333340068,68,home,45,True,"[14, 7, 7, 17]"
1552,7829,333340084,84,home,56,True,"[14, 21, 14, 7]"
1553,7830,333340084,2509,away,36,False,"[0, 9, 7, 20]"
1554,7840,333340096,2633,away,27,True,"[14, 6, 7, 0]"
1555,7839,333340096,96,home,14,False,"[0, 7, 0, 7]"
1556,7838,333340098,2032,away,31,False,"[7, 7, 10, 7]"
1557,7837,333340098,98,home,34,True,"[14, 6, 7, 7]"
1558,7783,333340127,127,home,14,True,"[7, 0, 7, 0]"
1559,7784,333340127,135,away,3,False,"[0, 3, 0, 0]"
1560,7773,333340130,130,home,41,False,"[14, 7, 0, 20]"
1561,7774,333340130,194,away,42,True,"[14, 7, 14, 7]"
1562,7775,333340142,142,home,28,True,"[0, 7, 14, 7]"
1563,7776,333340142,245,away,21,False,"[7, 7, 0, 7]"
1564,7802,333340152,120,away,41,True,"[17, 17, 7, 0]"
1565,7801,333340152,152,home,21,False,"[7, 7, 7, 0]"
1566,7791,333340153,153,home,25,False,"[7, 8, 7, 3]"
1567,7792,333340153,150,away,27,True,"[7, 10, 7, 3]"
1568,7822,333340166,70,away,16,False,"[0, 13, 3, 0]"
1569,7821,333340166,166,home,24,True,"[7, 3, 7, 7]"
1570,7824,333340183,103,away,31,False,"[7, 7, 7, 10]"
1571,7823,333340183,183,home,34,True,"[0, 21, 3, 10]"
1572,7813,333340202,202,home,10,False,"[10, 0, 0, 0]"
1573,7814,333340202,249,away,42,True,"[7, 14, 14, 7]"
1574,7795,333340235,235,home,21,False,"[0, 7, 14, 0]"
1575,7796,333340235,218,away,41,True,"[3, 14, 14, 10]"
1576,7800,333340238,154,away,21,False,"[7, 7, 7, 0]"
1577,7799,333340238,238,home,23,True,"[7, 10, 0, 6]"
1578,7815,333340242,242,home,17,True,"[7, 10, 0, 0]"
1579,7816,333340242,2655,away,13,False,"[3, 0, 7, 3]"
1580,7808,333340254,38,away,17,False,"[0, 0, 7, 10]"
1581,7807,333340254,254,home,24,True,"[14, 7, 0, 3]"
1582,7825,333340258,258,home,6,False,"[3, 3, 0, 0]"
1583,7826,333340258,259,away,16,True,"[6, 10, 0, 0]"
1584,7787,333340275,275,home,24,False,"[0, 14, 0, 10]"
1585,7788,333340275,213,away,31,True,"[7, 7, 10, 7]"
1586,7836,333340277,66,away,52,True,"[7, 7, 0, 24, 3, 3, 8]"
1587,7835,333340277,277,home,44,False,"[17, 14, 0, 7, 3, 3, 0]"
1588,7841,333340309,309,home,28,False,"[14, 7, 0, 7]"
1589,7842,333340309,2433,away,31,True,"[7, 7, 14, 3]"
1590,7809,333340328,328,home,35,True,"[7, 14, 14, 0]"
1591,7810,333340328,2751,away,7,False,"[0, 0, 0, 7]"
1592,7820,333340356,77,away,37,True,"[10, 10, 3, 14]"
1593,7819,333340356,356,home,34,False,"[0, 17, 10, 7]"
1594,7812,333342247,6,away,38,True,"[14, 10, 14, 0]"
1595,7811,333342247,2247,home,17,False,"[0, 3, 7, 7]"
1596,7797,333342305,2305,home,10,False,"[0, 10, 0, 0]"
1597,7798,333342305,2306,away,31,True,"[14, 7, 7, 3]"
1598,7833,333342393,2393,home,48,True,"[17, 17, 14, 0]"
1599,7834,333342393,2638,away,17,False,"[0, 7, 10, 0]"
1600,7845,333342439,2439,home,45,True,"[7, 17, 7, 14]"
1601,7846,333342439,21,away,19,False,"[7, 0, 6, 6]"
1602,7818,333342440,252,away,28,True,"[0, 0, 14, 14]"
1603,7817,333342440,2440,home,23,False,"[7, 0, 7, 9]"
1604,7777,333342579,2579,home,31,True,"[7, 10, 0, 14]"
1605,7778,333342579,228,away,17,False,"[7, 3, 7, 0]"
1606,7782,333342628,239,away,41,True,"[10, 17, 14, 0]"
1607,7781,333342628,2628,home,38,False,"[3, 14, 14, 7]"
1608,7827,333342636,2636,home,30,True,"[14, 3, 7, 6]"
1609,7828,333342636,2348,away,10,False,"[3, 7, 0, 0]"
1610,7849,333392132,2132,home,24,False,"[0, 7, 7, 10, 0]"
1611,7850,333392132,97,away,31,True,"[7, 3, 0, 14, 7]"
1612,7852,333402459,189,away,47,True,"[17, 14, 0, 16]"
1613,7851,333402459,2459,home,27,False,"[7, 6, 7, 7]"
1614,7857,333410002,2,home,59,True,"[14, 14, 17, 14]"
1615,7858,333410002,142,away,42,False,"[10, 17, 15, 0]"
1616,7875,333410006,6,home,30,True,"[17, 13, 0, 0]"
1617,7876,333410006,309,away,8,False,"[0, 0, 0, 8]"
1618,7862,333410009,24,away,38,True,"[14, 14, 3, 7]"
1619,7861,333410009,9,home,14,False,"[7, 7, 0, 0]"
1620,7872,333410041,235,away,10,False,"[3, 0, 7, 0]"
1621,7871,333410041,41,home,45,True,"[0, 21, 17, 7]"
1622,7854,333410052,150,away,7,False,"[0, 0, 0, 7]"
1623,7853,333410052,52,home,45,True,"[0, 17, 21, 7]"
1624,7856,333410127,194,away,24,False,"[0, 10, 14, 0]"
1625,7855,333410127,127,home,34,True,"[3, 14, 3, 14]"
1626,7874,333410164,58,away,6,False,"[0, 6, 0, 0]"
1627,7873,333410164,164,home,31,True,"[14, 7, 0, 10]"
1628,7860,333410197,201,away,33,True,"[7, 3, 7, 16]"
1629,7859,333410197,197,home,24,False,"[7, 3, 7, 7]"
1630,7864,333410239,251,away,10,False,"[0, 3, 0, 7]"
1631,7863,333410239,239,home,30,True,"[3, 0, 17, 10]"
1632,7870,333410242,276,away,24,False,"[0, 10, 0, 14]"
1633,7869,333410242,242,home,41,True,"[14, 7, 13, 7]"
1634,7867,333410278,278,home,24,True,"[3, 14, 7, 0]"
1635,7868,333410278,328,away,17,False,"[0, 7, 0, 10]"
1636,7866,333412567,2116,away,17,True,"[0, 3, 14, 0]"
1637,7865,333412567,2567,home,13,False,"[3, 7, 3, 0]"
1638,7877,333482426,2426,home,34,True,"[3, 14, 3, 14]"
1639,7878,333482426,349,away,7,False,"[0, 0, 7, 0]"
1640,25964,333550021,21,home,49,True,"[7, 21, 14, 7]"
1641,25965,333550021,2084,away,24,False,"[0, 10, 0, 14]"
1642,25960,333550030,30,home,45,True,"[14, 21, 3, 7]"
1643,25961,333550030,278,away,20,False,"[6, 0, 7, 7]"
1644,25962,333550036,36,home,48,True,"[10, 13, 7, 18]"
1645,25963,333550036,265,away,45,False,"[21, 14, 3, 7]"
1646,25967,333550309,2655,away,21,False,"[0, 14, 7, 0]"
1647,25966,333550309,309,home,24,True,"[14, 7, 0, 3]"
1648,25968,333570151,151,home,37,True,"[14, 3, 0, 20]"
1649,25969,333570151,195,away,20,False,"[0, 14, 3, 3]"
1650,25971,333580204,68,away,23,False,"[3, 3, 7, 10]"
1651,25970,333580204,204,home,38,True,"[17, 14, 7, 0]"
1652,25974,333600189,189,home,27,False,"[3, 7, 10, 7]"
1653,25975,333600189,221,away,30,True,"[7, 10, 3, 10]"
1654,25972,333602459,2459,home,14,False,"[0, 7, 0, 7]"
1655,25973,333602459,328,away,21,True,"[3, 3, 7, 8]"
1656,25976,333610120,120,home,20,False,"[7, 6, 0, 7]"
1657,25977,333610120,276,away,31,True,"[14, 3, 0, 14]"
1658,25979,333610135,183,away,21,True,"[0, 7, 7, 7]"
1659,25978,333610135,135,home,17,False,"[0, 3, 0, 14]"
1660,25980,333610264,264,home,31,True,"[7, 14, 7, 3]"
1661,25981,333610264,252,away,16,False,"[0, 16, 0, 0]"
1662,25985,333620087,164,away,16,False,"[10, 3, 0, 3]"
1663,25984,333620087,87,home,29,True,"[10, 3, 3, 13]"
1664,25982,333620097,97,home,36,True,"[6, 16, 7, 7]"
1665,25983,333620097,2390,away,9,False,"[2, 0, 0, 7]"
1666,25986,333620153,153,home,39,True,"[16, 7, 13, 3]"
1667,25987,333620153,2132,away,17,False,"[0, 3, 7, 7]"
1668,25989,333622306,130,away,14,False,"[3, 3, 0, 8]"
1669,25988,333622306,2306,home,31,True,"[14, 7, 0, 10]"
1670,25996,333640059,59,home,17,False,"[7, 0, 0, 10]"
1671,25997,333640059,145,away,25,True,"[7, 6, 10, 2]"
1672,25991,333640251,2483,away,30,True,"[10, 10, 3, 7]"
1673,25990,333640251,251,home,7,False,"[7, 0, 0, 0]"
1674,25994,333642426,2426,home,24,True,"[7, 3, 0, 14]"
1675,25995,333642426,2393,away,6,False,"[3, 3, 0, 0]"
1676,25992,333642641,2641,home,37,True,"[13, 14, 10, 0]"
1677,25993,333642641,9,away,23,False,"[6, 7, 7, 3]"
1678,25998,333650026,26,home,42,True,"[7, 7, 0, 28]"
1679,25999,333650026,259,away,12,False,"[7, 0, 3, 2]"
1680,26003,333650103,12,away,42,True,"[7, 14, 14, 7]"
1681,26002,333650103,103,home,19,False,"[3, 3, 0, 13]"
1682,26000,333650245,245,home,52,True,"[3, 14, 14, 21]"
1683,26001,333650245,150,away,48,False,"[14, 24, 3, 7]"
1684,26004,333650344,344,home,44,True,"[7, 20, 14, 3]"
1685,26005,333650344,242,away,7,False,"[7, 0, 0, 0]"
1686,26014,340010061,61,home,19,False,"[0, 9, 3, 7]"
1687,26015,340010061,158,away,24,True,"[0, 10, 14, 0]"
1688,26013,340010099,2294,away,14,False,"[0, 0, 7, 7]"
1689,26012,340010099,99,home,21,True,"[7, 7, 0, 7]"
1690,26006,340010127,127,home,24,True,"[0, 14, 3, 7]"
1691,26007,340010127,24,away,20,False,"[10, 7, 0, 3]"
1692,26009,340010239,2116,away,52,True,"[14, 14, 7, 17]"
1693,26008,340010239,239,home,42,False,"[7, 13, 8, 14]"
1694,26016,340010249,249,home,36,True,"[7, 0, 7, 22]"
1695,26017,340010249,2439,away,14,False,"[7, 0, 0, 7]"
1696,26011,340012579,275,away,24,False,"[0, 14, 3, 7]"
1697,26010,340012579,2579,home,34,True,"[7, 6, 7, 14]"
1698,26018,340020333,333,home,31,False,"[10, 7, 7, 7]"
1699,26019,340020333,201,away,45,True,"[14, 17, 0, 14]"
1700,26022,340030142,142,home,41,True,"[7, 10, 0, 24]"
1701,26023,340030142,197,away,31,False,"[7, 0, 7, 17]"
1702,26020,340030194,194,home,35,False,"[9, 13, 7, 6]"
1703,26021,340030194,228,away,40,True,"[14, 6, 14, 6]"
1704,26025,340040248,238,away,41,True,"[14, 10, 0, 17]"
1705,26024,340040248,248,home,24,False,"[0, 0, 24, 0]"
1706,26026,340052050,2050,home,20,False,"[7, 3, 0, 10]"
1707,26027,340052050,2032,away,23,True,"[0, 10, 6, 7]"
1708,26029,340060002,52,away,34,True,"[3, 7, 3, 21]"
1709,26028,340060002,2,home,31,False,"[7, 14, 0, 10]"
1710,9275,400368353,349,home,32,False,"[0, 10, 14, 8]"
1711,9276,400368353,218,away,63,True,"[14, 14, 14, 21]"
